ID,Description,GeneRatio,BgRatio,RichFactor,FoldEnrichment,zScore,pvalue,p.adjust,qvalue,geneID,Count
REACTOME_RESPIRATORY_ELECTRON_TRANSPORT,REACTOME_RESPIRATORY_ELECTRON_TRANSPORT,16/147,159/11448,0.10062893081761007,7.836734693877551,9.900693679896992,1.8262615958439892e-10,1.0409691096310739e-7,8.266236696978057e-8,NDUFB10/COQ10B/NDUFA1/TIMM21/NDUFAB1/NDUFC2/NDUFAF3/NDUFB3/NDUFB7/NDUFB11/NDUFA13/UQCRQ/NDUFB2/COX14/SDHD/NDUFA11,16
REACTOME_COMPLEX_I_BIOGENESIS,REACTOME_COMPLEX_I_BIOGENESIS,11/147,68/11448,0.16176470588235295,12.597839135654262,10.939726823660132,8.795944890247007e-10,2.506844293720397e-7,1.99066121200327e-7,NDUFB10/NDUFA1/NDUFAB1/NDUFC2/NDUFAF3/NDUFB3/NDUFB7/NDUFB11/NDUFA13/NDUFB2/NDUFA11,11
REACTOME_TRANSLATION,REACTOME_TRANSLATION,20/147,371/11448,0.05390835579514825,4.198250728862974,7.1422402655694475,5.3443389478487594e-8,1.0154244000912643e-5,8.063388587982339e-6,ANKZF1/NDUFAB1/MRPS28/SEC11C/PSMB3/MRPL47/SEC61B/SPCS1/MRPL18/CHCHD1/AURKAIP1/HARS2/TRMT112/AIMP2/PSMA7/MRPS6/PSMB6/MRPL53/MRPL36/MRPS11,20
REACTOME_AEROBIC_RESPIRATION_AND_RESPIRATORY_ELECTRON_TRANSPORT,REACTOME_AEROBIC_RESPIRATION_AND_RESPIRATORY_ELECTRON_TRANSPORT,16/147,261/11448,0.06130268199233716,4.774102744546094,7.034337880962162,2.273171799131254e-7,3.239269813762037e-5,2.5722733516485245e-5,NDUFB10/COQ10B/NDUFA1/TIMM21/NDUFAB1/NDUFC2/NDUFAF3/NDUFB3/NDUFB7/NDUFB11/NDUFA13/UQCRQ/NDUFB2/COX14/SDHD/NDUFA11,16
REACTOME_MITOCHONDRIAL_PROTEIN_IMPORT,REACTOME_MITOCHONDRIAL_PROTEIN_IMPORT,8/147,65/11448,0.12307692307692308,9.584929356357927,7.916097005629878,1.6608445368969247e-6,1.7638690857096296e-4,1.400671665475791e-4,CHCHD2/TIMM21/GRPEL1/TIMM17B/PAM16/TIMM44/TOMM7/TIMM13,8
REACTOME_MITOCHONDRIAL_TRANSLATION,REACTOME_MITOCHONDRIAL_TRANSLATION,10/147,115/11448,0.08695652173913043,6.771960958296361,7.094894336927801,2.114821502543805e-6,1.7638690857096296e-4,1.400671665475791e-4,NDUFAB1/MRPS28/MRPL47/MRPL18/CHCHD1/AURKAIP1/MRPS6/MRPL53/MRPL36/MRPS11,10
REACTOME_MITOCHONDRIAL_TRANSLATION_ELONGATION,REACTOME_MITOCHONDRIAL_TRANSLATION_ELONGATION,9/147,90/11448,0.1,7.7877551020408164,7.372971560592342,2.1661550175381415e-6,1.7638690857096296e-4,1.400671665475791e-4,MRPS28/MRPL47/MRPL18/CHCHD1/AURKAIP1/MRPS6/MRPL53/MRPL36/MRPS11,9
REACTOME_PROTEIN_LOCALIZATION,REACTOME_PROTEIN_LOCALIZATION,11/147,164/11448,0.06707317073170732,5.2234942757590845,6.213100327038755,8.227184222887294e-6,5.861868758807197e-4,4.654854231370443e-4,CHCHD2/TIMM21/GRPEL1/DHRS4/TIMM17B/SEC61B/PAM16/TIMM44/TOMM7/ACOT8/TIMM13,11
REACTOME_MRNA_SPLICING,REACTOME_MRNA_SPLICING,11/147,212/11448,0.05188679245283019,4.040816326530612,5.096808600384075,8.868806095726818e-5,0.005616910527293652,0.004460335229429862,SYF2/LSM7/HNRNPA2B1/MAGOH/CCDC12/POLR2I/SRSF7/LSM4/POLR2J/SNRPD2/SNRNP35,11
REACTOME_PTEN_REGULATION,REACTOME_PTEN_REGULATION,8/147,126/11448,0.06349206349206349,4.944606413994168,5.077774907751947,2.139664709732115e-4,0.012196088845473055,0.009684798159840101,PSMB3/CBX8/EED/LAMTOR4/LAMTOR2/PSMA7/PSMB6/RING1,8
REACTOME_CYCLIN_A_CDK2_ASSOCIATED_EVENTS_AT_S_PHASE_ENTRY,REACTOME_CYCLIN_A_CDK2_ASSOCIATED_EVENTS_AT_S_PHASE_ENTRY,6/147,75/11448,0.08,6.230204081632653,5.182720863042714,3.9328064612029754e-4,0.020379088026233602,0.016182839983897416,CABLES1/PSMB3/E2F5/CDK4/PSMA7/PSMB6,6
REACTOME_MRNA_SPLICING_MINOR_PATHWAY,REACTOME_MRNA_SPLICING_MINOR_PATHWAY,5/147,50/11448,0.1,7.7877551020408164,5.485837160479923,4.339622996657239e-4,0.020613209234121885,0.016368753408443973,POLR2I/SRSF7/POLR2J/SNRPD2/SNRNP35,5
REACTOME_MATURATION_OF_DENV_PROTEINS,REACTOME_MATURATION_OF_DENV_PROTEINS,5/147,52/11448,0.09615384615384616,7.488226059654631,5.348075082972018,5.214830639891158e-4,0.02286502665183046,0.018156900203669616,DPM3/TMEM258/SEC11C/SPCS1/OSTC,5
REACTOME_ACTIVATION_OF_NF_KAPPAB_IN_B_CELLS,REACTOME_ACTIVATION_OF_NF_KAPPAB_IN_B_CELLS,5/147,54/11448,0.09259259259259259,7.210884353741497,5.217449887601073,6.216523742967461e-4,0.02531013238208181,0.02009853540959405,BCL10/NFKB1/PSMB3/PSMA7/PSMB6,5
REACTOME_REGULATION_OF_CDH1_POSTTRANSLATIONAL_PROCESSING_AND_TRAFFICKING_TO_PLASMA_MEMBRANE,REACTOME_REGULATION_OF_CDH1_POSTTRANSLATIONAL_PROCESSING_AND_TRAFFICKING_TO_PLASMA_MEMBRANE,4/147,32/11448,0.125,9.73469387755102,5.643022337714265,7.094963964637219e-4,0.02696086306562143,0.02140936494592284,TMEM258/SEC11C/SPCS1/OSTC,4
REACTOME_REGULATION_OF_PD_L1_CD274_POST_TRANSLATIONAL_MODIFICATION,REACTOME_REGULATION_OF_PD_L1_CD274_POST_TRANSLATIONAL_MODIFICATION,6/147,86/11448,0.06976744186046512,5.433317513051732,4.7064856724957815,8.182194544061753e-4,0.028258198496211872,0.02243956667289216,TMEM258/PSMB3/CDK4/OSTC/PSMA7/PSMB6,6
REACTOME_MRNA_DECAY_BY_5_TO_3_EXORIBONUCLEASE,REACTOME_MRNA_DECAY_BY_5_TO_3_EXORIBONUCLEASE,3/147,15/11448,0.2,15.575510204081633,6.442217228478153,8.427883762028101e-4,0.028258198496211872,0.02243956667289216,LSM1/LSM7/LSM4,3
REACTOME_RRNA_MODIFICATION_IN_THE_NUCLEUS_AND_CYTOSOL,REACTOME_RRNA_MODIFICATION_IN_THE_NUCLEUS_AND_CYTOSOL,5/147,60/11448,0.08333333333333333,6.489795918367347,4.862439013095036,0.0010094441571679809,0.031965731643652726,0.02538368348434104,EMG1/RRP36/FCF1/TRMT112/NHP2,5
REACTOME_REGULATION_OF_PTEN_GENE_TRANSCRIPTION,REACTOME_REGULATION_OF_PTEN_GENE_TRANSCRIPTION,5/147,61/11448,0.08196721311475409,6.383405821344931,4.807988810797869,0.001088355022643926,0.03265065067931778,0.025927571176558903,CBX8/EED/LAMTOR4/LAMTOR2/RING1,5
REACTOME_PROCESSING_OF_CAPPED_INTRON_CONTAINING_PRE_MRNA,REACTOME_PROCESSING_OF_CAPPED_INTRON_CONTAINING_PRE_MRNA,11/147,294/11448,0.03741496598639456,2.913785922532278,3.791383992387848,0.001424055875335174,0.040585592447052454,0.03222863296811184,SYF2/LSM7/HNRNPA2B1/MAGOH/CCDC12/POLR2I/SRSF7/LSM4/POLR2J/SNRPD2/SNRNP35,11
REACTOME_UBIQUITIN_DEPENDENT_DEGRADATION_OF_CYCLIN_D,REACTOME_UBIQUITIN_DEPENDENT_DEGRADATION_OF_CYCLIN_D,4/147,39/11448,0.10256410256410256,7.987441130298273,4.985087053640923,0.001513823969132633,0.04108950773360004,0.03262878730461315,PSMB3/CDK4/PSMA7/PSMB6,4
REACTOME_ANTIGEN_PROCESSING_CROSS_PRESENTATION,REACTOME_ANTIGEN_PROCESSING_CROSS_PRESENTATION,6/147,98/11448,0.061224489795918366,4.768013327780092,4.2724167462178535,0.0016157175289482372,0.0418617723409316,0.03324203528458096,VAMP3/CYBA/PSMB3/SEC61B/PSMA7/PSMB6,6
REACTOME_ANTIGEN_PROCESSING_UB_ATP_INDEPENDENT_PROTEASOMAL_DEGRADATION,REACTOME_ANTIGEN_PROCESSING_UB_ATP_INDEPENDENT_PROTEASOMAL_DEGRADATION,3/147,19/11448,0.15789473684210525,12.296455424274972,5.620318770608676,0.001728577334588415,0.04215786563367423,0.03347716015231749,PSMB3/PSMA7/PSMB6,3
REACTOME_DOWNSTREAM_SIGNALING_EVENTS_OF_B_CELL_RECEPTOR_BCR,REACTOME_DOWNSTREAM_SIGNALING_EVENTS_OF_B_CELL_RECEPTOR_BCR,5/147,68/11448,0.07352941176470588,5.7262905162064826,4.458100041895243,0.0017750680266810201,0.04215786563367423,0.03347716015231749,BCL10/NFKB1/PSMB3/PSMA7/PSMB6,5
