phase,meal_type,recipe_name,ingredients,preparation,target_nutrients,nutrient_score,countermeasure_tags
pre_flight,breakfast,Overnight Oats with Berries and Flax,rolled oats; flax seed; chia seed; blueberry; strawberry; walnut; cinnamon; vanilla; soy milk,"Combine oats, seeds, soy milk, cinnamon, vanilla. Refrigerate overnight. Top with berries and walnuts in the morning.",quercetin; ascorbic acid; epigallocatechin gallate,83,omega-3; fiber-rich; antioxidant
pre_flight,lunch,Kale Caesar with Capers and Nutritional Yeast,kale (massaged); capers; nutritional yeast; garlic; lemon juice; olive oil; hemp seed; mustard; black pepper,"Massage kale with olive oil and lemon. Add capers, nutritional yeast, hemp seeds. Toss with garlic-mustard dressing.",quercetin; luteolin; ascorbic acid; lutein; allicin,127,senolytic; Nrf2 activation; B12-fortified
pre_flight,dinner,Roasted Root Vegetables with Rosemary,sweet potato; carrot; beet; onion; garlic; rosemary; thyme; olive oil; black pepper; balsamic vinegar,"Cube vegetables. Toss with olive oil, herbs, garlic. Roast at 200°C for 35 min. Drizzle with balsamic.",quercetin; luteolin; allicin; ascorbic acid,114,beta-carotene; antioxidant; fiber-rich
in_flight,breakfast,Green Tea Berry Antioxidant Smoothie,"green tea (brewed, chilled); blueberry; strawberry; banana; flax seed; spinach; lemon juice","Brew green tea, chill. Blend with berries, banana, spinach, flax, lemon.",epigallocatechin gallate; ascorbic acid; quercetin; lutein,98,AMPK activation; antioxidant; mitochondrial support
in_flight,lunch,Broccoli Sulforaphane Power Bowl,broccoli (raw or lightly steamed); quinoa; avocado; sunflower seeds; lemon juice; garlic; olive oil; turmeric; black pepper,"Lightly steam broccoli (maximizes sulforaphane). Cook quinoa. Toss with avocado, seeds, lemon-garlic-turmeric dressing.",sulforaphane; curcumin; ascorbic acid; quercetin; lutein,143,Nrf2 activation; antioxidant; anti-inflammatory
in_flight,dinner,Spiced Chickpea and Spinach Curry,chickpeas; spinach; tomato; onion; garlic; ginger; turmeric; cumin; coriander; cinnamon; coconut milk,"Sauté onion, garlic, ginger with spices. Add tomatoes, chickpeas, coconut milk. Simmer 15 min. Add spinach at end.",curcumin; gingerol; allicin; quercetin; lutein; ascorbic acid,137,anti-inflammatory; protein-rich; iron-rich
post_flight,breakfast,Cocoa-Chia Pudding with Raspberries,chia seed; cocoa; raspberry; almond milk; vanilla; maple syrup; walnut,"Mix chia, cocoa, almond milk, vanilla, maple syrup. Refrigerate 4+ hours. Top with raspberries and walnuts.",quercetin; ascorbic acid,69,omega-3; antioxidant; flavonoid-rich
post_flight,lunch,Cruciferous Crunch Salad with Tahini,"broccoli (raw, grated); brussels sprouts (shaved); cabbage; carrot; tahini; lemon juice; garlic; apple cider vinegar; pomegranate seeds; walnut",Grate broccoli and brussels sprouts. Shave cabbage. Toss with tahini-lemon-garlic dressing. Top with pomegranate and walnuts.,sulforaphane; quercetin; ascorbic acid; allicin,110,Nrf2 activation; senolytic; antioxidant
post_flight,snack,Ginger-Green Tea Recovery Broth,ginger (fresh); green tea; lemon; turmeric; black pepper; honey substitute (agave); seaweed (nori),"Brew ginger and green tea. Add turmeric, black pepper, lemon, agave. Float nori strips.",gingerol; epigallocatechin gallate; curcumin; ascorbic acid,88,anti-nausea; mitochondrial support; recovery
