gene_id,mouse_symbol,human_symbol,pooled_log2FC,pvalue,padj,direction,I2,k,n_studies_up,n_studies_down,core
ENSMUSG00000114298,NA,NA,2.530183918233557,2.2730453104628376e-5,0.7339893846110156,up,0,2,2,0,TRUE
ENSMUSG00000102948,Gm6101,NA,2.396243950379908,0.011237172660509049,0.9999945021158422,up,13.927025997980474,2,2,0,TRUE
ENSMUSG00000028715,Cyp4a14,NA,2.011899918815581,0.0014037873426548586,0.9999945021158422,up,99.12587353402367,10,8,2,TRUE
ENSMUSG00000066072,Cyp4a10,CYP4A11,1.314769800582485,0.006029359182343456,0.9999945021158422,up,97.71156512047902,10,8,2,TRUE
ENSMUSG00000032080,Apoa4,APOA4,1.1964989467602134,0.004584651548262366,0.9999945021158422,up,98.49402246278683,10,9,1,TRUE
ENSMUSG00000026691,Fmo3,FMO3,1.0939242188082157,0.04471352019077774,0.9999945021158422,up,98.05731817306412,10,7,3,TRUE
ENSMUSG00000032098,Treh,TREH,1.069811176401707,0.0038506777685125425,0.9999945021158422,up,97.44977849242926,10,9,1,TRUE
ENSMUSG00000112538,NA,NA,1.0677945042616659,0.0297355717752454,0.9999945021158422,up,0,2,2,0,TRUE
ENSMUSG00000074373,NA,NA,1.0055532827164944,0.027539506254143795,0.9999945021158422,up,97.02977609383603,8,6,2,TRUE
ENSMUSG00000030017,Reg3g,REG3G,0.8680024240353459,0.04126275592875701,0.9999945021158422,up,76.7209275755652,5,5,0,TRUE
ENSMUSG00000060317,Acnat2,NA,0.8442948982862475,0.030977309520845646,0.9999945021158422,up,97.59374430437047,9,8,1,TRUE
ENSMUSG00000019232,Etnppl,ETNPPL,0.7323772640215448,0.04241173809072637,0.9999945021158422,up,96.58139072283728,9,7,2,TRUE
ENSMUSG00000030483,Cyp2b10,CYP2B6,0.6949005066969373,0.03950574754019767,0.9999945021158422,up,96.86704701043617,10,8,2,TRUE
ENSMUSG00000059854,Hydin,HYDIN,0.6824079447118594,0.03322501824731515,0.9999945021158422,up,95.78487301048365,8,6,2,TRUE
ENSMUSG00000023067,Cdkn1a,CDKN1A,0.6714844077888411,0.01591066987858011,0.9999945021158422,up,96.09023801992134,11,8,3,TRUE
ENSMUSG00000094164,NA,NA,0.6692227336446126,0.01915434277083155,0.9999945021158422,up,91.9347320677463,8,6,2,TRUE
ENSMUSG00000024411,Aqp4,AQP4,0.6544265803689616,0.01469248321933312,0.9999945021158422,up,95.44198923870808,10,7,3,TRUE
ENSMUSG00000050122,Vwa3b,VWA3B,0.6385365431820278,0.03358754922727973,0.9999945021158422,up,96.88920828907145,11,8,3,TRUE
ENSMUSG00000074768,Bhmt,BHMT,0.6249513976000555,0.023564204839101998,0.9999945021158422,up,97.34057203072847,11,10,1,TRUE
ENSMUSG00000002769,Gnmt,GNMT,0.6238516586293137,0.03261193885282363,0.9999945021158422,up,97.80328482773612,11,8,3,TRUE
ENSMUSG00000037798,Mat1a,MAT1A,0.5770347122472202,0.03281049484220078,0.9999945021158422,up,96.95922695669309,10,7,3,TRUE
ENSMUSG00000056666,Retsat,RETSAT,0.5415810330573839,0.021836310939311418,0.9999945021158422,up,95.72247418113373,11,8,3,TRUE
ENSMUSG00000029695,Aass,AASS,0.5392738094436703,0.043322385090231286,0.9999945021158422,up,97.54681950926881,10,8,2,TRUE
ENSMUSG00000086765,Gm11827,NA,0.5236201809255503,0.011276886132083717,0.9999945021158422,up,94.3289301339748,11,8,3,TRUE
ENSMUSG00000116846,NA,NA,0.5048300848482858,0.033546886922264416,0.9999945021158422,up,90.54449430520296,9,7,2,TRUE
ENSMUSG00000113399,NA,NA,0.4713492072256507,0.04796755074831197,0.9999945021158422,up,93.36336806865245,9,7,2,FALSE
ENSMUSG00000029335,Bmp3,BMP3,0.4617800254320809,0.042666182780459506,0.9999945021158422,up,86.99638913842453,9,7,2,FALSE
ENSMUSG00000023963,Cyp39a1,CYP39A1,0.457210082947747,0.007422808096848912,0.9999945021158422,up,92.61315174774862,11,9,2,FALSE
ENSMUSG00000107516,NA,NA,0.4571395758174275,0.04053739404941779,0.9999945021158422,up,92.74370037712039,9,7,2,FALSE
ENSMUSG00000022790,Igsf11,IGSF11,0.41925396233295836,0.022496658014031543,0.9999945021158422,up,94.79668235404546,11,10,1,FALSE
ENSMUSG00000037474,Dtl,DTL,-0.3910164896863044,0.04582581083337223,0.9999945021158422,down,94.70516996779759,11,2,9,FALSE
ENSMUSG00000028011,Tdo2,TDO2,0.38421191821059075,0.030656395448305857,0.9999945021158422,up,92.73713771430144,10,7,3,FALSE
ENSMUSG00000031808,Slc27a1,SLC27A1,0.3795873330382983,0.013656018501301475,0.9999945021158422,up,83.73084651033359,11,8,3,FALSE
ENSMUSG00000019368,Sec14l4,SEC14L4,0.3784218689572251,0.04349188439316902,0.9999945021158422,up,95.65220740204138,10,7,3,FALSE
ENSMUSG00000032786,Alas1,ALAS1,0.3778131142830718,0.011927965118177158,0.9999945021158422,up,87.87760226381927,11,9,2,FALSE
ENSMUSG00000067225,Cyp2c54,NA,0.36493568614678656,0.04283118332212006,0.9999945021158422,up,89.63527630947603,9,8,1,FALSE
ENSMUSG00000058806,Col13a1,COL13A1,0.35518312585040324,0.007808695811862089,0.9999945021158422,up,78.6507136872642,11,10,1,FALSE
ENSMUSG00000036062,Phf24,KIAA1045,0.35398980579562767,0.042702132874315464,0.9999945021158422,up,86.99289991316259,11,8,3,FALSE
ENSMUSG00000078964,Ces1b,NA,0.32829617644626585,0.009140407682180543,0.9999945021158422,up,78.85213830364935,10,9,1,FALSE
ENSMUSG00000026414,Tnnt2,TNNT2,0.32414694785778314,0.04412846996768628,0.9999945021158422,up,81.81352226731033,11,9,2,FALSE
ENSMUSG00000029166,Mapre3,MAPRE3,0.3166893969541085,0.002152117890017924,0.9999945021158422,up,71.51042114260424,11,9,2,FALSE
ENSMUSG00000020429,Igfbp1,IGFBP1,0.31576054673551524,0.04527643125497597,0.9999945021158422,up,80.50074436593748,9,9,0,FALSE
ENSMUSG00000062908,Acadm,ACADM,0.31023489317666836,0.031166174947948096,0.9999945021158422,up,93.31310863660501,11,8,3,FALSE
ENSMUSG00000016024,Lbp,LBP,0.3054571792708988,0.024198569423963503,0.9999945021158422,up,89.04376220889766,11,9,2,FALSE
ENSMUSG00000033453,Adamts15,ADAMTS15,0.30485335979802514,0.036972218956360194,0.9999945021158422,up,87.92892893083668,11,9,2,FALSE
ENSMUSG00000020604,Arsg,ARSG,0.3041447965679791,0.03909311467743662,0.9999945021158422,up,93.86577541897677,11,8,3,FALSE
ENSMUSG00000027993,Trim2,TRIM2,0.29806390796069787,0.01411915037332711,0.9999945021158422,up,80.24634978817362,11,9,2,FALSE
ENSMUSG00000025014,Dntt,DNTT,-0.2930600384472633,0.02829658942584612,0.9999945021158422,down,86.72222238194708,11,3,8,FALSE
ENSMUSG00000025574,Tk1,TK1,-0.28982527172440276,0.027220063291399817,0.9999945021158422,down,80.41174824296625,11,3,8,FALSE
ENSMUSG00000059921,Unc5c,UNC5C,0.2855918500980276,0.02195857209636305,0.9999945021158422,up,80.98663608960307,8,7,1,FALSE
ENSMUSG00000020553,Pctp,PCTP,0.28394975750740203,0.030393900390498985,0.9999945021158422,up,87.74487069859171,11,8,3,FALSE
ENSMUSG00000021591,Glrx,GLRX,0.2822565121309955,0.007561688451537517,0.9999945021158422,up,85.98805011898868,11,8,3,FALSE
ENSMUSG00000034783,Cd207,CD207,-0.2785877330986448,0.012226642498691938,0.9999945021158422,down,60.07898311717147,10,2,8,FALSE
ENSMUSG00000022360,Atad2,ATAD2,-0.2780123318305177,0.0267444547475672,0.9999945021158422,down,91.83715874571884,11,2,9,FALSE
ENSMUSG00000079685,Ulbp1,ULBP1,-0.2749338036084514,0.014340953811122301,0.9999945021158422,down,83.36223988614232,11,2,9,FALSE
ENSMUSG00000120992,D17H6S56E-5,NA,-0.26977272995991797,0.028450714870742064,0.9999945021158422,down,85.99061465424597,11,2,9,FALSE
ENSMUSG00000025815,Dhtkd1,DHTKD1,0.26974039187860904,0.02406483129392341,0.9999945021158422,up,86.84780839891735,11,8,3,FALSE
ENSMUSG00000028838,Extl1,EXTL1,0.26932232620535973,0.029876513935810617,0.9999945021158422,up,83.67801016710101,11,9,2,FALSE
ENSMUSG00000075590,Nrbp2,NA,0.2652452635873256,0.012522978729642326,0.9999945021158422,up,76.81629437770344,11,10,1,FALSE
ENSMUSG00000002068,Ccne1,CCNE1,-0.2637168036415405,0.02344982899498363,0.9999945021158422,down,80.2483996056869,11,2,9,FALSE
ENSMUSG00000031561,Tenm3,TENM3,0.26244936249638917,0.044697013926395544,0.9999945021158422,up,87.24950987621263,11,9,2,FALSE
ENSMUSG00000026669,Mcm10,MCM10,-0.26020752207189224,0.028081044364947187,0.9999945021158422,down,84.63623394444832,11,2,9,FALSE
ENSMUSG00000062345,Serpinb2,SERPINB2,0.25942467163976185,0.02764591266744378,0.9999945021158422,up,56.002916810368774,9,8,1,FALSE
ENSMUSG00000041115,Iqsec2,IQSEC2,0.2585244094197829,0.04155912111506894,0.9999945021158422,up,91.66835982683916,11,8,3,FALSE
ENSMUSG00000068011,Mkrn2os,C3orf83,0.2580812636313867,0.011598929815701424,0.9999945021158422,up,82.38979835931319,10,8,2,FALSE
ENSMUSG00000061740,Cyp2d22,NA,0.2554092095419122,0.03746110829911575,0.9999945021158422,up,89.01873430456521,11,8,3,FALSE
ENSMUSG00000012443,Kif11,KIF11,-0.25143776246316973,0.04652584268357976,0.9999945021158422,down,89.18464720269262,11,3,8,FALSE
ENSMUSG00000053898,Ech1,ECH1,0.2509399508538182,0.035396415190469196,0.9999945021158422,up,89.11824578277589,11,8,3,FALSE
ENSMUSG00000021338,Carmil1,LRRC16A,0.2495874255054324,0.021949408080013996,0.9999945021158422,up,84.31472089941934,11,9,2,FALSE
ENSMUSG00000072568,Lratd2,FAM84B,0.24345355869489796,0.023497235668863768,0.9999945021158422,up,81.84502090106223,11,8,3,FALSE
ENSMUSG00000026429,Ube2t,UBE2T,-0.2414160256508015,0.03529853708239576,0.9999945021158422,down,79.98373464702937,11,2,9,FALSE
ENSMUSG00000031963,Bmper,BMPER,0.2385606935641996,0.03578095326445085,0.9999945021158422,up,64.24900310375959,11,9,2,FALSE
ENSMUSG00000036002,Atosb,FAM214B,0.23322025405632804,0.04962883776502316,0.9999945021158422,up,84.78740814237337,11,9,2,FALSE
ENSMUSG00000034438,Gbp8,NA,-0.2308109975016745,0.02726568342381844,0.9999945021158422,down,82.8361857101013,11,2,9,FALSE
ENSMUSG00000068876,Cgn,CGN,0.22975549915179425,0.04940719063041458,0.9999945021158422,up,82.74769859356431,11,9,2,FALSE
ENSMUSG00000032254,Kif23,KIF23,-0.22852171604325663,0.026290554932610958,0.9999945021158422,down,81.67313447799643,11,2,9,FALSE
ENSMUSG00000018800,Abca5,ABCA5,0.2271163992496688,0.039524710920355303,0.9999945021158422,up,86.68115819749727,11,8,3,FALSE
ENSMUSG00000106526,NA,NA,0.22444003104674048,3.508232477626609e-4,0.9999945021158422,up,0,7,7,0,FALSE
ENSMUSG00000024713,Pcsk5,PCSK5,0.22325816665118378,0.0010885972384641416,0.9999945021158422,up,44.14593163409812,11,10,1,FALSE
ENSMUSG00000040713,Creg1,CREG1,0.21925982155779652,0.03876106528921007,0.9999945021158422,up,87.98031480408937,11,9,2,FALSE
ENSMUSG00000032047,Acat1,ACAT1,0.2190920071488645,0.0086891067891710725,0.9999945021158422,up,80.10106314382423,11,8,3,FALSE
ENSMUSG00000009575,Cbx5,CBX5,-0.2171079398220189,0.008054230238269549,0.9999945021158422,down,88.6845936612176,11,3,8,FALSE
ENSMUSG00000043671,Dpy19l3,DPY19L3,-0.21527023787462837,0.047599949899566965,0.9999945021158422,down,89.88094285158482,11,2,9,FALSE
ENSMUSG00000027890,Gstm4,GSTM4,0.2149313710023169,0.0264646890418374,0.9999945021158422,up,81.59283521892522,11,8,3,FALSE
ENSMUSG00000032420,Nt5e,NT5E,0.21341299564607008,0.010643548792092975,0.9999945021158422,up,74.55946293468936,11,9,2,FALSE
ENSMUSG00000031016,Wee1,WEE1,-0.21202972332625036,0.026100351652651673,0.9999945021158422,down,73.74399164971877,11,3,8,FALSE
ENSMUSG00000060002,Chpt1,CHPT1,0.2118498758817231,0.02326493673877243,0.9999945021158422,up,78.24005319127897,11,8,3,FALSE
ENSMUSG00000031169,Porcn,PORCN,0.20982077438320904,0.04644361173728191,0.9999945021158422,up,75.82953370842307,11,9,2,FALSE
ENSMUSG00000032802,Srxn1,SRXN1,0.20819575580662322,0.018052624738810162,0.9999945021158422,up,78.74708978627737,11,9,2,FALSE
ENSMUSG00000050410,Tcf19,TCF19,-0.20613401737289286,0.04607003685796286,0.9999945021158422,down,85.59367472526795,11,3,8,FALSE
ENSMUSG00000000056,Narf,NARF,-0.206054962655068,0.017633889955586655,0.9999945021158422,down,82.73704474583008,11,3,8,FALSE
ENSMUSG00000052534,Pbx1,PBX1,0.20339081236051154,0.028607919014206826,0.9999945021158422,up,82.88930143389165,11,9,2,FALSE
ENSMUSG00000056131,Pgm3,PGM3,0.2017358260395856,0.004655615144758833,0.9999945021158422,up,83.68680528153331,11,10,1,FALSE
ENSMUSG00000022673,Mcm4,MCM4,-0.20150162678425482,0.0363564251988372,0.9999945021158422,down,85.75119806171502,11,1,10,FALSE
ENSMUSG00000020290,Xpo1,XPO1,-0.20116487416861012,0.027364769354680813,0.9999945021158422,down,87.1634966319509,11,2,9,FALSE
ENSMUSG00000020423,Btg2,BTG2,-0.20095170528283576,0.004137117574920762,0.9999945021158422,down,65.1158725246401,11,2,9,FALSE
ENSMUSG00000038068,Rnf144b,RNF144B,0.19962611545311,0.00176021428439644,0.9999945021158422,up,55.56434701087589,11,9,2,FALSE
ENSMUSG00000041268,Dmxl2,DMXL2,0.19864541953823803,0.001923896872469874,0.9999945021158422,up,71.08138903288315,11,10,1,FALSE
ENSMUSG00000030830,Itgal,ITGAL,-0.19821660858918125,0.035550320970631884,0.9999945021158422,down,81.98500657082566,11,2,9,FALSE
ENSMUSG00000036941,Elac1,ELAC1,0.19796379658487584,0.006945879519312758,0.9999945021158422,up,83.12130650980016,11,11,0,FALSE
ENSMUSG00000029204,Rhoh,RHOH,-0.19708955622165994,0.015502449677657983,0.9999945021158422,down,66.49545252562437,11,2,9,FALSE
ENSMUSG00000036885,Arhgef26,ARHGEF26,0.19413856645831062,0.01127421125346946,0.9999945021158422,up,59.68977119591701,11,10,1,FALSE
ENSMUSG00000040195,1700012D01Rik,NA,-0.19294799233136992,0.02787209073019095,0.9999945021158422,down,84.09661566409682,11,3,8,FALSE
ENSMUSG00000033308,Dpyd,DPYD,0.19276340436676428,0.027035018646260147,0.9999945021158422,up,74.03154090454592,11,8,3,FALSE
ENSMUSG00000026179,Pnkd,PNKD,0.19229820075986734,0.002338104449782809,0.9999945021158422,up,66.23965696395972,11,8,3,FALSE
ENSMUSG00000037157,Il22ra1,IL22RA1,0.18870938638801313,0.04920399138961635,0.9999945021158422,up,70.60062269848738,11,10,1,FALSE
ENSMUSG00000026640,Plxna2,PLXNA2,0.18832542923594642,0.014605806354347826,0.9999945021158422,up,49.5560917633482,11,8,3,FALSE
ENSMUSG00000012519,Mlkl,MLKL,0.18728365354522855,0.008917679688329872,0.9999945021158422,up,70.44031880327555,11,8,3,FALSE
ENSMUSG00000073988,Ttpa,TTPA,0.1862422805018339,0.0335199795549126,0.9999945021158422,up,69.16479640337818,11,9,2,FALSE
ENSMUSG00000028358,Zfp618,ZNF618,0.18607833736942983,0.02940747173178995,0.9999945021158422,up,58.593038681511246,11,8,3,FALSE
ENSMUSG00000087060,Eldr,NA,-0.18537212629961555,0.045583703510200795,0.9999945021158422,down,54.093917508652865,10,2,8,FALSE
ENSMUSG00000033446,Lpar6,LPAR6,-0.18529184039371122,0.019116203459150292,0.9999945021158422,down,81.52005559646398,11,1,10,FALSE
ENSMUSG00000026566,Mpzl1,MPZL1,0.1847327725521438,0.031307317336602775,0.9999945021158422,up,75.55639263075822,11,10,1,FALSE
ENSMUSG00000031304,Il2rg,IL2RG,-0.1842744390518461,0.031177325592727245,0.9999945021158422,down,71.9064875993051,11,2,9,FALSE
ENSMUSG00000028553,Angptl3,ANGPTL3,0.18255431549530077,0.04612996559750696,0.9999945021158422,up,76.7409102878677,11,10,1,FALSE
ENSMUSG00000068854,H2bc21,HIST1H2BJ,-0.18190061894155488,0.0245689363027188,0.9999945021158422,down,77.65570665047542,11,3,8,FALSE
ENSMUSG00000021703,Serinc5,SERINC5,-0.18087169933308264,0.01434458994919165,0.9999945021158422,down,77.33412518607585,11,3,8,FALSE
ENSMUSG00000058317,Ube2e2,UBE2E2,0.18022882504089172,0.04772702259954668,0.9999945021158422,up,84.00062948191682,11,9,2,FALSE
ENSMUSG00000076431,Sox4,SOX4,-0.17967188455971647,0.011674807310841253,0.9999945021158422,down,64.1286810578944,11,2,9,FALSE
ENSMUSG00000026893,Gca,GCA,0.17905505212585424,0.006674275724961132,0.9999945021158422,up,58.18060870850866,11,8,3,FALSE
ENSMUSG00000052397,Ezr,EZR,-0.17895615292934067,0.010458118614593635,0.9999945021158422,down,59.45365600036357,11,3,8,FALSE
ENSMUSG00000026343,Gpr39,GPR39,0.1755690310846275,0.00575138320974606,0.9999945021158422,up,36.587818910175294,9,9,0,FALSE
ENSMUSG00000021670,Hmgcr,HMGCR,-0.1754117206078506,0.022470795634107525,0.9999945021158422,down,72.36433349595029,11,3,8,FALSE
ENSMUSG00000030498,Gas2,GAS2,0.17521875214275467,0.028728007021489144,0.9999945021158422,up,75.87464919743137,11,9,2,FALSE
ENSMUSG00000021368,Tbc1d7,TBC1D7,0.175042241711486,0.006891923469448262,0.9999945021158422,up,73.41315397996884,11,9,2,FALSE
ENSMUSG00000055312,Them7,NA,0.1743039379651573,0.04261513602206,0.9999945021158422,up,69.53189116165022,11,8,3,FALSE
ENSMUSG00000030729,Pgm2l1,PGM2L1,-0.1740615860708718,0.005128168809688562,0.9999945021158422,down,72.61365764543416,11,3,8,FALSE
ENSMUSG00000070643,Sox13,SOX13,0.17339971582664448,0.010979699651190954,0.9999945021158422,up,47.152245427437244,11,9,2,FALSE
ENSMUSG00000002897,Il17ra,IL17RA,-0.1730875718613964,0.039335165861489114,0.9999945021158422,down,87.20528340588963,11,1,10,FALSE
ENSMUSG00000002297,Dbf4,DBF4,-0.17295551440226634,0.04854546876887877,0.9999945021158422,down,80.02175226668422,11,3,8,FALSE
ENSMUSG00000028439,Fam219a,FAM219A,0.17230812701974849,0.007801286967879341,0.9999945021158422,up,58.14322725755612,11,8,3,FALSE
ENSMUSG00000059939,9430015G10Rik,C1orf159,-0.17203702204663093,0.04960659363474609,0.9999945021158422,down,85.51157542345844,11,3,8,FALSE
ENSMUSG00000004880,Lbr,LBR,-0.17130917925149633,0.032327185532699566,0.9999945021158422,down,81.79026177797756,11,3,8,FALSE
ENSMUSG00000028919,Arhgef19,ARHGEF19,0.17041485555116392,0.04939932905877289,0.9999945021158422,up,70.15885095437939,11,9,2,FALSE
ENSMUSG00000091586,Cyp4f17,NA,0.16804179249003975,0.040939293757692716,0.9999945021158422,up,79.49263201415397,11,9,2,FALSE
ENSMUSG00000026866,Kynu,KYNU,0.16774626595173628,0.018557870819246258,0.9999945021158422,up,70.90010856987652,11,8,3,FALSE
ENSMUSG00000048279,Sacs,NA,-0.16689800199343183,0.013668167448451575,0.9999945021158422,down,70.14968717772888,11,1,10,FALSE
ENSMUSG00000022788,Fgd4,FGD4,0.1667327566841974,0.01777131212240471,0.9999945021158422,up,74.69298647596244,11,9,2,FALSE
ENSMUSG00000037580,Gch1,GCH1,-0.1662631132024717,0.01856061258076203,0.9999945021158422,down,76.25140066632665,11,3,8,FALSE
ENSMUSG00000026544,Dusp23,DUSP23,0.16616359332088837,0.03305405586115983,0.9999945021158422,up,75.47179622800981,11,9,2,FALSE
ENSMUSG00000079659,Tmem243,TMEM243,0.16613263282062818,0.01996021243100934,0.9999945021158422,up,65.84992418238946,11,9,2,FALSE
ENSMUSG00000036528,Ppfibp2,PPFIBP2,0.16565467042998866,0.005519667432553112,0.9999945021158422,up,56.025100689727765,11,9,2,FALSE
ENSMUSG00000048865,Arhgap30,ARHGAP30,-0.16481653233810734,0.03205002788165871,0.9999945021158422,down,77.45258762968156,11,3,8,FALSE
ENSMUSG00000032359,Ctsh,CTSH,0.16403023749299667,0.039193476143667916,0.9999945021158422,up,81.29647304906047,11,8,3,FALSE
ENSMUSG00000000127,Fer,FER,0.16399002775781912,0.0022117879000097987,0.9999945021158422,up,56.87912492283623,11,9,2,FALSE
ENSMUSG00000031442,Mcf2l,MCF2L,0.16369454399262692,0.04611662475120911,0.9999945021158422,up,61.96131035973974,11,8,3,FALSE
ENSMUSG00000025742,Prps2,PRPS2,-0.16322116270334236,0.02339202648785321,0.9999945021158422,down,75.11081766896395,11,2,9,FALSE
ENSMUSG00000042351,Grap2,GRAP2,-0.1631069916511342,0.010549533565567999,0.9999945021158422,down,60.502101439217505,11,1,10,FALSE
ENSMUSG00000021209,Ppp4r4,PPP4R4,0.16306331575121435,0.03695659310721679,0.9999945021158422,up,67.39051707048665,11,9,2,FALSE
ENSMUSG00000034311,Kif4,KIF4A,-0.1621509683265939,0.04021485105280886,0.9999945021158422,down,65.70440877422702,11,3,8,FALSE
ENSMUSG00000097415,AU020206,NA,-0.16194470737143984,0.03490136370037622,0.9999945021158422,down,73.64061944790599,11,3,8,FALSE
ENSMUSG00000027695,Pld1,PLD1,0.16114133025610441,0.02029899002911381,0.9999945021158422,up,71.46576660273595,11,8,3,FALSE
ENSMUSG00000087380,2210408F21Rik,NA,0.16090421554694245,0.03020668144478261,0.9999945021158422,up,57.85119098663228,11,9,2,FALSE
ENSMUSG00000033220,Rac2,RAC2,-0.16060831188804847,0.014119023600151666,0.9999945021158422,down,57.80551582035356,11,2,9,FALSE
ENSMUSG00000026600,Soat1,SOAT1,-0.15998528717561286,0.01239390546233956,0.9999945021158422,down,59.56853146893964,11,3,8,FALSE
ENSMUSG00000040181,Fmo1,FMO1,0.15797289417510732,0.024463971823731712,0.9999945021158422,up,40.27469590063128,11,9,2,FALSE
ENSMUSG00000027811,4930579G24Rik,C4orf46,-0.1579265491322235,0.04403265515452182,0.9999945021158422,down,63.187078257446935,11,3,8,FALSE
ENSMUSG00000047044,D030056L22Rik,C9orf40,-0.1576626476885267,0.004861923915515841,0.9999945021158422,down,54.90603083495573,11,2,9,FALSE
ENSMUSG00000000385,Tmprss2,TMPRSS2,0.15696826952444276,0.011047852497122621,0.9999945021158422,up,43.63571791793072,10,10,0,FALSE
ENSMUSG00000055013,Agap1,AGAP1,0.1566102435309245,0.024422509675785454,0.9999945021158422,up,66.59619794364754,11,8,3,FALSE
ENSMUSG00000048787,Dcun1d3,DCUN1D3,0.15658370193009247,0.02158988489248098,0.9999945021158422,up,72.18160645695536,11,9,2,FALSE
ENSMUSG00000057531,Dtnbp1,DTNBP1,0.15585703011328825,0.01795168939711786,0.9999945021158422,up,83.70743061104241,11,10,1,FALSE
ENSMUSG00000020089,Ppa1,PPA1,0.1556546722687855,0.010511297941180135,0.9999945021158422,up,61.174371941511744,11,9,2,FALSE
ENSMUSG00000041362,Shtn1,KIAA1598,0.15549691121257753,0.02271872638571065,0.9999945021158422,up,61.358471300608436,11,9,2,FALSE
ENSMUSG00000025358,Cdk2,CDK2,-0.15548467340424565,0.02242296701370274,0.9999945021158422,down,72.9267683240268,11,3,8,FALSE
ENSMUSG00000026153,Fam135a,FAM135A,0.15453088927638262,4.4946503984410113e-4,0.9999945021158422,up,6.374261199562708,11,9,2,FALSE
ENSMUSG00000052031,Tagap1,NA,-0.15389317460450525,0.030979973856301697,0.9999945021158422,down,78.06658307183979,11,2,9,FALSE
ENSMUSG00000030322,Mbd4,MBD4,-0.1531235921498326,0.026126208630226036,0.9999945021158422,down,72.87723081581444,11,2,9,FALSE
ENSMUSG00000031506,Ptpn7,PTPN7,-0.15311608824758605,0.04460574207675791,0.9999945021158422,down,60.68938428211309,11,2,9,FALSE
ENSMUSG00000022960,Donson,DONSON,-0.15171986155513928,0.01875455801855182,0.9999945021158422,down,66.44307673367,11,2,9,FALSE
ENSMUSG00000032119,Hinfp,HINFP,-0.15149169391210715,0.013104494514147679,0.9999945021158422,down,76.03628627234637,11,3,8,FALSE
ENSMUSG00000045095,Magi1,MAGI1,0.15012226553847707,0.031636182871109746,0.9999945021158422,up,68.69468939503368,11,9,2,FALSE
ENSMUSG00000011831,Evi5,EVI5,0.1497863955095745,0.019584530802458942,0.9999945021158422,up,60.41539744567047,11,9,2,FALSE
ENSMUSG00000006732,Mettl1,METTL1,0.14915717169806406,0.005273347487309477,0.9999945021158422,up,50.56399104788871,11,10,1,FALSE
ENSMUSG00000029238,Clock,CLOCK,0.14894446805245817,6.950043301049375e-4,0.9999945021158422,up,22.16800718187046,11,10,1,FALSE
ENSMUSG00000036617,Etl4,KIAA1217,0.14857023216910817,0.02597070652058284,0.9999945021158422,up,55.90923982317891,11,8,3,FALSE
ENSMUSG00000033596,Rfwd3,RFWD3,-0.14840082354948084,0.0348499849074159,0.9999945021158422,down,84.58241103216258,11,2,9,FALSE
ENSMUSG00000041945,Mfsd9,MFSD9,0.14836071806242646,0.04772442776651019,0.9999945021158422,up,75.9541291076852,11,9,2,FALSE
ENSMUSG00000022488,Nckap1l,NCKAP1L,-0.1479148672885206,0.030222722460706095,0.9999945021158422,down,67.3156476608756,11,3,8,FALSE
ENSMUSG00000085208,Brip1os,NA,-0.14752201645888108,0.010924774376428395,0.9999945021158422,down,78.09326032150514,11,2,9,FALSE
ENSMUSG00000103009,NA,NA,-0.14746175356144775,0.03848538128618562,0.9999945021158422,down,68.14092188698254,11,2,9,FALSE
ENSMUSG00000048756,Foxo3,FOXO3,-0.14655602818842967,0.04847265055925995,0.9999945021158422,down,71.24142915765015,11,3,8,FALSE
ENSMUSG00000085037,4933421O10Rik,NA,0.14653097827770747,0.03454628024064626,0.9999945021158422,up,71.25862520931078,11,10,1,FALSE
ENSMUSG00000026342,Slc35f5,SLC35F5,0.14642925777814506,0.0339624388647407,0.9999945021158422,up,66.66350069168361,11,9,2,FALSE
ENSMUSG00000035305,Ror1,ROR1,0.14624648712857097,0.008709376365691964,0.9999945021158422,up,41.46871155865695,11,8,3,FALSE
ENSMUSG00000041235,Chd7,CHD7,0.14611046794364377,0.026524067087208312,0.9999945021158422,up,69.12345314994326,11,9,2,FALSE
ENSMUSG00000022098,Bmp1,BMP1,0.14569038109374863,0.047170032948063025,0.9999945021158422,up,78.11471937225838,11,8,3,FALSE
ENSMUSG00000006782,Cnp,CNP,-0.14539590314344578,0.0374203343800389,0.9999945021158422,down,71.629652005687,11,2,9,FALSE
ENSMUSG00000004864,Mapk13,MAPK13,0.14504881926587285,0.019412430625254,0.9999945021158422,up,29.17573755713206,11,11,0,FALSE
ENSMUSG00000052889,Prkcb,PRKCB,-0.14504532962980773,0.0010879356921029506,0.9999945021158422,down,16.427323194259,11,3,8,FALSE
ENSMUSG00000074802,Gas2l3,GAS2L3,-0.14488580080253868,0.030354145789676216,0.9999945021158422,down,46.3603711444607,11,3,8,FALSE
ENSMUSG00000054708,Ankrd24,ANKRD24,0.14468349041285694,0.02455206433421024,0.9999945021158422,up,55.3745420749157,11,8,3,FALSE
ENSMUSG00000033542,Arhgef5,ARHGEF5,0.14447933033699034,0.0029529761051011135,0.9999945021158422,up,41.01760260593731,11,8,3,FALSE
ENSMUSG00000022180,Slc7a8,SLC7A8,0.14446744304705328,0.03432873204499338,0.9999945021158422,up,51.404596491986766,11,8,3,FALSE
ENSMUSG00000002885,Adgre5,CD97,-0.14431736860013775,0.027912729852754937,0.9999945021158422,down,61.1396209702958,11,1,10,FALSE
ENSMUSG00000020437,Myo1g,MYO1G,-0.14423237467251712,0.04800131583224057,0.9999945021158422,down,64.78432076635163,11,3,8,FALSE
ENSMUSG00000044783,A730008H23Rik,NA,-0.14379487715323916,0.006448784751380503,0.9999945021158422,down,40.118491624458954,11,2,9,FALSE
ENSMUSG00000029338,Antxr2,ANTXR2,0.14348189454512214,0.012893686065937148,0.9999945021158422,up,58.45456949238602,11,9,2,FALSE
ENSMUSG00000036158,Prickle1,PRICKLE1,-0.1409820287221944,0.03316863461229267,0.9999945021158422,down,72.64207786303984,11,1,10,FALSE
ENSMUSG00000000934,Top1mt,TOP1MT,0.14095019600020023,0.029837274047967696,0.9999945021158422,up,66.0359483095996,11,8,3,FALSE
ENSMUSG00000056602,Fry,FRY,0.14073750622550327,0.0406323806634746,0.9999945021158422,up,64.35737133452385,11,8,3,FALSE
ENSMUSG00000109179,Wdr97,NA,-0.13990932739917827,0.03165834604155434,0.9999945021158422,down,56.63470145165557,11,2,9,FALSE
ENSMUSG00000028007,Snx7,SNX7,0.1398203191389083,0.005113414458359215,0.9999945021158422,up,40.278502937261514,11,9,2,FALSE
ENSMUSG00000030922,Lyrm1,LYRM1,0.13975301463176992,0.025747567226547793,0.9999945021158422,up,48.32369718190061,11,9,2,FALSE
ENSMUSG00000011960,Ccnt1,CCNT1,-0.1391479049646049,0.010654020601983087,0.9999945021158422,down,78.02233013968547,11,3,8,FALSE
ENSMUSG00000020635,Fkbp1b,FKBP1B,0.13876829211343514,0.04824562166482518,0.9999945021158422,up,36.567372238369934,10,8,2,FALSE
ENSMUSG00000037754,Ppp1r16b,PPP1R16B,-0.13853972956962204,6.8169848076575e-4,0.9999945021158422,down,12.110311862573454,11,1,10,FALSE
ENSMUSG00000002797,Ggct,GGCT,0.13852242661450803,0.02476238717664783,0.9999945021158422,up,64.41520521099768,11,8,3,FALSE
ENSMUSG00000002222,Rmnd5a,RMND5A,-0.13831045254587038,0.02772577287802307,0.9999945021158422,down,72.80072643724404,11,3,8,FALSE
ENSMUSG00000005370,Msh6,MSH6,-0.13820148521714276,0.03870532043970675,0.9999945021158422,down,72.88760355892566,11,1,10,FALSE
ENSMUSG00000001166,Oas1c,NA,0.1381874163997472,0.034486345088496205,0.9999945021158422,up,66.30042290864502,11,9,2,FALSE
ENSMUSG00000063455,D630045J12Rik,KIAA1549,0.13688215884584995,0.041946213632763546,0.9999945021158422,up,41.984915019725804,11,8,3,FALSE
ENSMUSG00000037458,Azin1,AZIN1,-0.136760165259459,0.006973675295610977,0.9999945021158422,down,48.26912560750526,11,3,8,FALSE
ENSMUSG00000096054,Syne1,SYNE1,0.13623363406241945,2.054394408699399e-4,0.9999945021158422,up,0.02588366108608008,11,9,2,FALSE
ENSMUSG00000063077,Kif1b,KIF1B,0.136137681358462,0.03869223828315332,0.9999945021158422,up,68.64706277759186,11,10,1,FALSE
ENSMUSG00000057236,Rbbp4,RBBP4,-0.1360109803338956,0.035915430674069694,0.9999945021158422,down,79.42417279285586,11,3,8,FALSE
ENSMUSG00000078185,Chml,CHML,-0.13581428941746654,0.03462091630397397,0.9999945021158422,down,73.91124840105701,11,3,8,FALSE
ENSMUSG00000078851,H2ac25,HIST3H2A,-0.13579628090723558,0.03421205850305508,0.9999945021158422,down,62.482626815575635,11,0,11,FALSE
ENSMUSG00000057706,Mex3b,MEX3B,-0.13548478777307324,0.025698214400970417,0.9999945021158422,down,43.49924818602637,11,2,9,FALSE
ENSMUSG00000091931,Gon7,C14orf142,-0.13469669230927378,0.034286727949170946,0.9999945021158422,down,70.26347722005757,11,2,9,FALSE
ENSMUSG00000033565,Rbfox2,RBFOX2,0.13442022724175626,0.008730320853567234,0.9999945021158422,up,42.63354631198492,11,9,2,FALSE
ENSMUSG00000097101,1810034E14Rik,NA,0.13395410140879158,0.006850489644743093,0.9999945021158422,up,36.63919017054222,11,9,2,FALSE
ENSMUSG00000023393,Slc17a9,SLC17A9,0.13321413512234845,0.026852429266876535,0.9999945021158422,up,54.495516594731114,11,8,3,FALSE
ENSMUSG00000001482,Def8,DEF8,0.13308414395063145,0.033536286876956624,0.9999945021158422,up,78.15388771898745,11,9,2,FALSE
ENSMUSG00000050555,Hyls1,HYLS1,-0.13176798303757145,0.0401138895196767,0.9999945021158422,down,63.236565370054336,11,3,8,FALSE
ENSMUSG00000091721,Gimd1,GIMD1,0.13173065686470287,0.04570419531963629,0.9999945021158422,up,2.017364044693527,8,7,1,FALSE
ENSMUSG00000018654,Ikzf1,IKZF1,-0.13152081569570992,0.04017843828674835,0.9999945021158422,down,67.30626278524588,11,2,9,FALSE
ENSMUSG00000020758,Itgb4,ITGB4,0.1310503453670573,0.03684864715276276,0.9999945021158422,up,29.134128127927433,11,9,2,FALSE
ENSMUSG00000004105,Angptl2,ANGPTL2,-0.1307273746327683,0.020164653792153375,0.9999945021158422,down,49.53697556117254,11,3,8,FALSE
ENSMUSG00000038872,Zfhx3,ZFHX3,0.13072135935046675,0.03000062612839736,0.9999945021158422,up,55.8803687480151,11,8,3,FALSE
ENSMUSG00000032244,Fem1b,FEM1B,-0.13032147926301807,0.021954210932104694,0.9999945021158422,down,81.58934505589933,11,3,8,FALSE
ENSMUSG00000034308,Sdr42e1,SDR42E1,0.12967923531303518,0.04319465657749286,0.9999945021158422,up,63.53034872432489,11,8,3,FALSE
ENSMUSG00000078789,Dph1,DPH1,0.1291582107658065,0.04346354528200395,0.9999945021158422,up,72.28435790217279,11,9,2,FALSE
ENSMUSG00000038527,C1rl,C1RL,0.12891407363110308,0.03540253363067755,0.9999945021158422,up,67.47115511775588,11,9,2,FALSE
ENSMUSG00000072825,Cep170b,CEP170B,0.1283384391508462,0.037507661676630485,0.9999945021158422,up,51.7657596107071,11,8,3,FALSE
ENSMUSG00000056671,Prelid2,PRELID2,0.12822646168931406,0.03005530699394911,0.9999945021158422,up,35.808536801899656,11,9,2,FALSE
ENSMUSG00000068036,Afdn,MLLT4,0.12811302945811287,0.0013385873205156056,0.9999945021158422,up,30.912374857025007,11,8,3,FALSE
ENSMUSG00000029432,Nipsnap2,GBAS,0.12810241588366064,0.03516940865873665,0.9999945021158422,up,59.22171579031735,11,9,2,FALSE
ENSMUSG00000031976,Urb2,URB2,-0.12809380765394848,0.01201606818789173,0.9999945021158422,down,64.04828535022043,11,2,9,FALSE
ENSMUSG00000090946,Ccdc71l,CCDC71L,-0.12757440132066453,0.001837767792827148,0.9999945021158422,down,43.946954351623425,11,2,9,FALSE
ENSMUSG00000043065,Spice1,SPICE1,-0.12752111766112811,0.037007376939719644,0.9999945021158422,down,78.19245703810176,11,2,9,FALSE
ENSMUSG00000039478,Micu3,MICU3,0.1274275256329482,0.03485244023580654,0.9999945021158422,up,53.1919652899055,11,9,2,FALSE
ENSMUSG00000066894,Vsig10,VSIG10,0.12724587310694227,0.028079922570587834,0.9999945021158422,up,39.67813463625205,11,9,2,FALSE
ENSMUSG00000039985,Sinhcaf,FAM60A,-0.12698143630588682,0.048054212659115046,0.9999945021158422,down,62.9887151152147,11,2,9,FALSE
ENSMUSG00000026999,Nup35,NUP35,-0.126854710473384,0.0391750381353455,0.9999945021158422,down,65.57918721134071,11,2,9,FALSE
ENSMUSG00000095123,NA,NA,-0.12663494395477326,0.03749084584874755,0.9999945021158422,down,53.840183943175234,11,2,9,FALSE
ENSMUSG00000097177,9330159M07Rik,NA,0.12636916411447177,0.040476546990795,0.9999945021158422,up,56.122764705185276,11,9,2,FALSE
ENSMUSG00000024054,Smchd1,SMCHD1,-0.12595083261042442,0.041684695868624715,0.9999945021158422,down,82.14367304649981,11,2,9,FALSE
ENSMUSG00000028556,Dock7,DOCK7,0.1259361524092912,0.04597019598209302,0.9999945021158422,up,65.9778505975655,11,8,3,FALSE
ENSMUSG00000029201,Ugdh,UGDH,0.12573159219345995,0.010588741273547234,0.9999945021158422,up,53.62643584001095,11,9,2,FALSE
ENSMUSG00000004221,Ikbkg,IKBKG,0.125582618439867,0.04470874717006853,0.9999945021158422,up,76.35743542846224,11,9,2,FALSE
ENSMUSG00000115222,NA,NA,-0.12556889845917762,0.016913927612292275,0.9999945021158422,down,32.20622586869708,11,3,8,FALSE
ENSMUSG00000042302,Ehbp1,EHBP1,0.12498274750699978,0.001459679647495089,0.9999945021158422,up,3.466568199059065e-4,11,8,3,FALSE
ENSMUSG00000023169,Slc38a1,SLC38A1,-0.12452725876360389,0.006824514145866911,0.9999945021158422,down,26.809934476120684,11,2,9,FALSE
ENSMUSG00000025602,Zfp202,ZNF202,0.12423824293505062,0.029820426628009874,0.9999945021158422,up,54.077221386621176,11,8,3,FALSE
ENSMUSG00000045658,Pid1,PID1,0.12415017141537202,0.010633261095722433,0.9999945021158422,up,49.08572872431491,11,9,2,FALSE
ENSMUSG00000038712,Mindy1,FAM63A,0.12355311484390497,0.011873412135048972,0.9999945021158422,up,67.74198309998712,11,9,2,FALSE
ENSMUSG00000019189,Rnf145,RNF145,-0.12343552002199373,0.028124971278403244,0.9999945021158422,down,69.01928278350182,11,2,9,FALSE
ENSMUSG00000038291,Snx25,SNX25,-0.12278495192345805,0.0021902256901051857,0.9999945021158422,down,56.32562571414773,11,3,8,FALSE
ENSMUSG00000031971,Ccsap,CCSAP,-0.12275986555362538,0.040043684617004686,0.9999945021158422,down,44.924649974176724,11,2,9,FALSE
ENSMUSG00000051977,Prdm9,PRDM9,0.12257401193920617,0.033635357011037814,0.9999945021158422,up,58.95580421035868,11,8,3,FALSE
ENSMUSG00000061759,Armt1,C6orf211,-0.12198819278576817,0.00502841188897749,0.9999945021158422,down,55.36598758900146,11,2,9,FALSE
ENSMUSG00000031101,Sash3,SASH3,-0.12173076971751584,0.027910022035495995,0.9999945021158422,down,31.18393082519657,11,2,9,FALSE
ENSMUSG00000074909,Ranbp6,RANBP6,-0.12124988837983469,0.025681394939430387,0.9999945021158422,down,68.90028649999334,11,3,8,FALSE
ENSMUSG00000017386,Traf4,TRAF4,-0.12117394442193706,0.016179936769290654,0.9999945021158422,down,45.905095723330774,11,3,8,FALSE
ENSMUSG00000118239,NA,NA,-0.12107819443685455,0.041946060201099845,0.9999945021158422,down,46.42018374624183,11,1,10,FALSE
ENSMUSG00000101013,A630072M18Rik,NA,-0.1207851476906511,0.029128312991504934,0.9999945021158422,down,56.51145301425539,11,2,9,FALSE
ENSMUSG00000039616,Mocos,MOCOS,0.12057761378205367,0.006415718673447059,0.9999945021158422,up,33.84690484055438,11,9,2,FALSE
ENSMUSG00000053580,Tanc2,TANC2,0.12005571920212277,0.007237408199093769,0.9999945021158422,up,33.336987039159595,11,9,2,FALSE
ENSMUSG00000022607,Ptk2,PTK2,0.12003832348215307,0.011167260537624828,0.9999945021158422,up,68.14055563231021,11,9,2,FALSE
ENSMUSG00000040820,Hlcs,HLCS,0.11941966375125249,0.04398694458307923,0.9999945021158422,up,74.17076317502352,11,8,3,FALSE
ENSMUSG00000048234,Rnf149,RNF149,0.11933925729643335,0.0383046400814483,0.9999945021158422,up,75.46349772681027,11,9,2,FALSE
ENSMUSG00000027602,Map1lc3a,MAP1LC3A,0.1192937061707122,0.044760873763759784,0.9999945021158422,up,41.3824693049595,11,9,2,FALSE
ENSMUSG00000064367,ND5,ND5,0.11888572268995679,0.025063052183000607,0.9999945021158422,up,20.204020265235243,11,9,2,FALSE
ENSMUSG00000020515,Cnot8,CNOT8,-0.11886718766488409,0.014104263030100646,0.9999945021158422,down,63.311601764458985,11,3,8,FALSE
ENSMUSG00000071708,Sms,SMS,-0.11873909151554504,0.047500986898005665,0.9999945021158422,down,65.9357959476042,11,2,9,FALSE
ENSMUSG00000060657,Marf1,KIAA0430,-0.11869670967773689,0.019789683882893358,0.9999945021158422,down,69.29310547056483,11,3,8,FALSE
ENSMUSG00000050379,Septin6,SEPT6,-0.11755600638340255,0.029360283948543144,0.9999945021158422,down,46.94056657658239,11,2,9,FALSE
ENSMUSG00000028291,Akirin2,AKIRIN2,-0.11687400963542152,0.009419040707614968,0.9999945021158422,down,65.68992597512909,11,3,8,FALSE
ENSMUSG00000021009,Ptpn21,PTPN21,0.11657370083461072,8.467321342131452e-4,0.9999945021158422,up,0.00601748753383412,11,9,2,FALSE
ENSMUSG00000025078,Nhlrc2,NHLRC2,-0.11645277450057494,3.699991830712367e-4,0.9999945021158422,down,45.07821961885782,11,2,9,FALSE
ENSMUSG00000028278,Rragd,RRAGD,-0.11635240706364702,0.025060388038153296,0.9999945021158422,down,32.75545771734311,11,3,8,FALSE
ENSMUSG00000025355,Mmp19,MMP19,0.11610914479187226,0.013536190499671039,0.9999945021158422,up,31.260027370267668,11,9,2,FALSE
ENSMUSG00000020063,Sirt1,SIRT1,-0.11585829404337811,0.009090523943898308,0.9999945021158422,down,62.72112367096671,11,3,8,FALSE
ENSMUSG00000049969,Plekhf2,PLEKHF2,-0.11484792792878343,0.01626303635367858,0.9999945021158422,down,62.97313127345588,11,3,8,FALSE
ENSMUSG00000026078,Pdcl3,PDCL3,0.11452152320317589,0.04174316386603576,0.9999945021158422,up,72.70851022189967,11,10,1,FALSE
ENSMUSG00000044795,Cyb5d1,CYB5D1,-0.11403716455697425,0.033405626588827994,0.9999945021158422,down,61.59624297388384,11,3,8,FALSE
ENSMUSG00000019851,Perp,PERP,0.11316868306669445,0.024899821486684206,0.9999945021158422,up,38.61397470108146,11,9,2,FALSE
ENSMUSG00000028161,Ppp3ca,PPP3CA,0.1130365534781935,0.024521907030651307,0.9999945021158422,up,65.19352685207758,11,9,2,FALSE
ENSMUSG00000032497,Lrrfip2,NA,0.1127743746860126,3.456751758358328e-5,0.7339893846110156,up,0.011488713679689799,11,9,2,FALSE
ENSMUSG00000040855,Reps2,REPS2,0.11242123272654758,0.04306731266995342,0.9999945021158422,up,58.02288020243321,11,9,2,FALSE
ENSMUSG00000000134,Tfe3,TFE3,0.11230670460403798,0.007806520218128889,0.9999945021158422,up,27.793136007005195,11,8,3,FALSE
ENSMUSG00000038349,Plcl1,PLCL1,-0.11228653801059386,0.02773604729749169,0.9999945021158422,down,39.01283622702488,11,2,9,FALSE
ENSMUSG00000028088,Fmo5,FMO5,0.1121827339688621,0.024558841995774173,0.9999945021158422,up,41.25420376724974,11,9,2,FALSE
ENSMUSG00000020592,Sdc1,SDC1,0.11207842832581118,0.04854912775128112,0.9999945021158422,up,48.05081033036349,11,9,2,FALSE
ENSMUSG00000039231,Suv39h1,SUV39H1,-0.11206735648283997,0.018305535680906777,0.9999945021158422,down,55.94282076578751,11,3,8,FALSE
ENSMUSG00000029821,Gsdme,DFNA5,0.11179212974236924,0.008603522803783284,0.9999945021158422,up,0.014722575787576271,11,8,3,FALSE
ENSMUSG00000039234,Sec24d,SEC24D,0.11080447102219328,0.048387357760725634,0.9999945021158422,up,56.41589383895147,11,9,2,FALSE
ENSMUSG00000052926,Rnaseh2a,RNASEH2A,-0.11047653579879935,0.005643678034492318,0.9999945021158422,down,32.53224580984141,11,2,9,FALSE
ENSMUSG00000020802,Ube2o,UBE2O,0.11018669000401367,0.02863736733704214,0.9999945021158422,up,23.749347088740915,11,8,3,FALSE
ENSMUSG00000020053,Igf1,IGF1,0.11018045170190782,0.04537438847151752,0.9999945021158422,up,50.32453451077531,11,8,3,FALSE
ENSMUSG00000054720,Lrrc8c,LRRC8C,-0.11015293089720578,0.008909556439376218,0.9999945021158422,down,35.43787381721337,11,3,8,FALSE
ENSMUSG00000021279,Cdc42bpb,CDC42BPB,0.11014198728328738,0.031936958036729794,0.9999945021158422,up,39.03890225767481,11,9,2,FALSE
ENSMUSG00000066148,Prpf4,PRPF4,-0.10973103814896916,0.003987191382013272,0.9999945021158422,down,54.624709672762364,11,2,9,FALSE
ENSMUSG00000053907,Mat2a,MAT2A,-0.10941351731581163,0.018375695971253176,0.9999945021158422,down,51.03880316309978,11,1,10,FALSE
ENSMUSG00000059486,Kbtbd2,KBTBD2,-0.10905171548537056,0.03391551237883265,0.9999945021158422,down,73.0398118589352,11,3,8,FALSE
ENSMUSG00000038880,Mrps34,MRPS34,0.10857916535415417,0.012073539992947625,0.9999945021158422,up,38.80559141251899,11,8,3,FALSE
ENSMUSG00000021944,Gata4,GATA4,0.10806173134442917,0.03404585099070083,0.9999945021158422,up,37.87661505984746,11,10,1,FALSE
ENSMUSG00000037253,Mex3c,MEX3C,-0.10804661761093481,0.02161679707377843,0.9999945021158422,down,63.199139424296256,11,2,9,FALSE
ENSMUSG00000057963,Itpk1,ITPK1,0.10797359255506425,0.015085270101575704,0.9999945021158422,up,32.36806409222885,11,8,3,FALSE
ENSMUSG00000053559,Smagp,SMAGP,0.10755167008968404,0.02057111094090295,0.9999945021158422,up,21.502184420321967,11,9,2,FALSE
ENSMUSG00000024661,Fth1,FTH1,0.10733628840706644,0.0346003766105066,0.9999945021158422,up,55.67460228877918,11,8,3,FALSE
ENSMUSG00000030282,Cmas,CMAS,-0.1067935203990881,0.004583189668923528,0.9999945021158422,down,39.83239098110453,11,3,8,FALSE
ENSMUSG00000074342,I830077J02Rik,C1orf162,0.10665948629740002,0.024053430808784044,0.9999945021158422,up,29.08611869625398,11,8,3,FALSE
ENSMUSG00000046994,Mars2,MARS2,-0.10664400498145638,0.03347929544847021,0.9999945021158422,down,48.1007690583184,11,3,8,FALSE
ENSMUSG00000027079,Clp1,CLP1,-0.10645321417850372,0.007555808265619089,0.9999945021158422,down,23.80553446689363,11,1,10,FALSE
ENSMUSG00000039067,Psmd7,PSMD7,0.10619905897198981,0.009413504233885565,0.9999945021158422,up,44.963330445844306,11,9,2,FALSE
ENSMUSG00000030530,Furin,FURIN,0.10614380619299614,0.03685326493844807,0.9999945021158422,up,50.84051825686843,11,9,2,FALSE
ENSMUSG00000038806,Sde2,SDE2,-0.10549229082643717,0.019773105623722267,0.9999945021158422,down,68.74924471342713,11,3,8,FALSE
ENSMUSG00000092558,Med20,MED20,-0.10531897335569357,0.021861117244585258,0.9999945021158422,down,54.769926644319284,11,3,8,FALSE
ENSMUSG00000000751,Rpa1,RPA1,-0.10511413057374648,0.028876710540910507,0.9999945021158422,down,57.9169548404736,11,2,9,FALSE
ENSMUSG00000055053,Nfic,NFIC,0.10510415788217647,0.008054893252188606,0.9999945021158422,up,0.04020948270655766,11,9,2,FALSE
ENSMUSG00000032594,Ip6k1,IP6K1,-0.10498444505284238,0.020298377660669414,0.9999945021158422,down,43.30662830835868,11,2,9,FALSE
ENSMUSG00000039943,Plcb4,PLCB4,0.10490525709593931,0.016132236483239696,0.9999945021158422,up,28.93420655181486,11,9,2,FALSE
ENSMUSG00000016239,Lonrf3,LONRF3,0.10472481229800047,0.045533371916683725,0.9999945021158422,up,22.49776757941706,11,8,3,FALSE
ENSMUSG00000051579,Tceal8,TCEAL8,0.10451437448900788,0.02074632523700061,0.9999945021158422,up,14.42169558144501,11,10,1,FALSE
ENSMUSG00000025255,Zfhx4,ZFHX4,0.10403398348711852,0.030973246272443484,0.9999945021158422,up,10.818237005246942,11,10,1,FALSE
ENSMUSG00000032026,Rexo2,REXO2,0.10375475847223463,0.015231004991591355,0.9999945021158422,up,41.14099690277497,11,8,3,FALSE
ENSMUSG00000033902,Mapkbp1,MAPKBP1,0.10365012563399771,0.03159825846513426,0.9999945021158422,up,50.95720811757846,11,9,2,FALSE
ENSMUSG00000064373,Selenop,SEPP1,0.10257476487762167,0.010773110410419172,0.9999945021158422,up,0.013832214305747138,11,10,1,FALSE
ENSMUSG00000028944,Prkag2,PRKAG2,0.10244404456143245,0.00955343175325126,0.9999945021158422,up,47.5975460785874,11,10,1,FALSE
ENSMUSG00000018417,Myo1b,MYO1B,0.10215707452407234,0.03470922591634337,0.9999945021158422,up,47.63346216315772,11,8,3,FALSE
ENSMUSG00000025584,Pde8a,PDE8A,0.10160997906117478,0.013965818327763047,0.9999945021158422,up,30.68617381442763,11,9,2,FALSE
ENSMUSG00000066042,Med18,MED18,-0.10153786249649455,0.01645655687762681,0.9999945021158422,down,38.32059610923541,11,1,10,FALSE
ENSMUSG00000006373,Pgrmc1,PGRMC1,0.10121478853153203,0.04179897068026586,0.9999945021158422,up,56.09921830309431,11,8,3,FALSE
ENSMUSG00000023274,Cd4,CD4,-0.10115394439164693,0.0236056738030571,0.9999945021158422,down,5.112481064464,11,0,11,FALSE
ENSMUSG00000026979,Psd4,PSD4,-0.10098678482377094,0.04531486399486758,0.9999945021158422,down,43.9633209395237,11,2,9,FALSE
ENSMUSG00000016487,Ppfibp1,PPFIBP1,0.10093733642792616,0.04473619322507079,0.9999945021158422,up,41.135805847095604,11,9,2,FALSE
ENSMUSG00000070639,Lrrc8b,LRRC8B,-0.10056801530521527,0.03923129209536964,0.9999945021158422,down,42.14298820757649,11,3,8,FALSE
ENSMUSG00000048163,Selplg,SELPLG,-0.10042009912113228,0.014752390591843951,0.9999945021158422,down,0.02760996898913975,11,2,9,FALSE
ENSMUSG00000021892,Sh3bp5,SH3BP5,0.1000011250603436,0.02085561940306294,0.9999945021158422,up,46.494527276399,11,8,3,FALSE
ENSMUSG00000041654,Slc39a11,SLC39A11,0.09982841041278297,0.0454786159548421,0.9999945021158422,up,43.53203335872839,11,8,3,FALSE
ENSMUSG00000035367,Rmi1,RMI1,-0.09952471715053945,0.02194376590072448,0.9999945021158422,down,66.49000844532469,11,1,10,FALSE
ENSMUSG00000015357,Clpx,CLPX,0.09943847637018347,0.004284012994094681,0.9999945021158422,up,0.024265723830299554,11,9,2,FALSE
ENSMUSG00000030888,Rrp8,RRP8,-0.09922534010021399,0.005779180354655837,0.9999945021158422,down,29.47817972080626,11,3,8,FALSE
ENSMUSG00000042202,Slc35e2,SLC35E2B,-0.09917283188468425,0.028479811540866578,0.9999945021158422,down,52.7051493298058,11,3,8,FALSE
ENSMUSG00000036368,Rmdn2,RMDN2,0.09889047721244815,0.019885164410239395,0.9999945021158422,up,32.93026727723449,11,8,3,FALSE
ENSMUSG00000039942,Ptger4,PTGER4,-0.09880032650853274,0.015707787087524107,0.9999945021158422,down,14.314408744190867,11,0,11,FALSE
ENSMUSG00000053799,Exoc6,EXOC6,0.09868722130634863,0.022133305567298377,0.9999945021158422,up,66.5808157208623,11,9,2,FALSE
ENSMUSG00000016619,Nup50,NUP50,-0.09858671030014785,0.022688746191583856,0.9999945021158422,down,52.25544912510614,11,3,8,FALSE
ENSMUSG00000097994,NA,NA,-0.09853753386437468,0.016959760870561464,0.9999945021158422,down,9.418516321161132,11,3,8,FALSE
ENSMUSG00000060429,Sntb1,SNTB1,0.09813317909881102,0.03244568433249278,0.9999945021158422,up,39.95149985300608,11,8,3,FALSE
ENSMUSG00000038697,Taf5l,TAF5L,-0.0979854088732547,0.0010364957662798197,0.9999945021158422,down,26.202342602779513,11,1,10,FALSE
ENSMUSG00000001017,Chtop,NA,-0.0978017208725484,0.047181139132370674,0.9999945021158422,down,80.61239642663631,11,3,8,FALSE
ENSMUSG00000024014,Pim1,PIM1,-0.09766679613449136,0.007896319747167523,0.9999945021158422,down,11.278140319719931,11,2,9,FALSE
ENSMUSG00000031788,Kifc3,KIFC3,0.09737943932564554,0.02001048145525243,0.9999945021158422,up,0.01927315484164719,11,8,3,FALSE
ENSMUSG00000001542,Ell2,ELL2,0.09696689887690121,0.030657207204410255,0.9999945021158422,up,36.14064003955289,11,10,1,FALSE
ENSMUSG00000018507,Trpv2,TRPV2,-0.09687130214869458,0.018021829855179,0.9999945021158422,down,14.170218084505589,11,2,9,FALSE
ENSMUSG00000049866,Arl4c,ARL4C,-0.09686894008061894,0.017634741331109604,0.9999945021158422,down,25.648648564815197,11,1,10,FALSE
ENSMUSG00000025200,Cwf19l1,CWF19L1,-0.09650582289641252,0.009376234898044962,0.9999945021158422,down,42.17224595879422,11,2,9,FALSE
ENSMUSG00000053684,Kics2,C12orf66,0.09616675732007034,0.03949388499438451,0.9999945021158422,up,38.50586253949418,11,9,2,FALSE
ENSMUSG00000121871,Slc2a4rg-ps,NA,-0.09615014710177891,0.04844332099670735,0.9999945021158422,down,15.864435653149876,11,2,9,FALSE
ENSMUSG00000021171,Esyt2,ESYT2,-0.09569623146408054,3.909134867127587e-4,0.9999945021158422,down,35.0152203487314,11,2,9,FALSE
ENSMUSG00000070315,4930581F22Rik,NA,-0.09552520510370627,0.0285995028035208,0.9999945021158422,down,35.016682085792844,11,3,8,FALSE
ENSMUSG00000048497,Mmgt2,NA,-0.09545237136823904,0.03882303198136493,0.9999945021158422,down,45.600554362570556,11,3,8,FALSE
ENSMUSG00000045822,Zswim3,ZSWIM3,-0.09487080918652713,0.007928584138570746,0.9999945021158422,down,0,11,0,11,FALSE
ENSMUSG00000035666,Gtf3c4,GTF3C4,-0.0945131293480613,0.02064756440366914,0.9999945021158422,down,56.115823066983964,11,3,8,FALSE
ENSMUSG00000029131,Dnajb6,DNAJB6,-0.09443547210070384,0.005477532590378892,0.9999945021158422,down,45.237266538182794,11,2,9,FALSE
ENSMUSG00000043090,Zfp866,NA,-0.0942298440442147,0.027473557750718424,0.9999945021158422,down,55.46396775407193,11,3,8,FALSE
ENSMUSG00000032601,Prkar2a,PRKAR2A,0.09397878294330567,0.003700640679078857,0.9999945021158422,up,1.464082182609302,11,10,1,FALSE
ENSMUSG00000026960,Arl6ip6,ARL6IP6,-0.09395496070763579,0.03229428958873061,0.9999945021158422,down,44.57762600815793,11,3,8,FALSE
ENSMUSG00000039828,Wdr70,WDR70,-0.09351901658490712,0.029446069608697063,0.9999945021158422,down,69.35913487547074,11,2,9,FALSE
ENSMUSG00000039159,Ube2h,UBE2H,-0.0933257088358711,0.017986068166138302,0.9999945021158422,down,33.79633616870463,11,1,10,FALSE
ENSMUSG00000014980,Tsen15,TSEN15,-0.09165476437476922,0.01110598981214052,0.9999945021158422,down,24.7817523413846,11,2,9,FALSE
ENSMUSG00000026558,Uck2,UCK2,-0.09137703085544625,0.024544790865377256,0.9999945021158422,down,30.81485450348306,11,3,8,FALSE
ENSMUSG00000022629,Kif21a,KIF21A,0.09130336425411427,0.04217122041822265,0.9999945021158422,up,27.643612239440337,11,8,3,FALSE
ENSMUSG00000041649,Klf8,KLF8,0.09128145681043075,0.030351408659913162,0.9999945021158422,up,0,9,8,1,FALSE
ENSMUSG00000095253,Zfp799,ZNF799,-0.09086038491989055,0.020975555595392898,0.9999945021158422,down,34.36092098748864,11,3,8,FALSE
ENSMUSG00000039384,Dusp10,DUSP10,-0.09084491627843289,0.02474712086873735,0.9999945021158422,down,15.497705132802283,11,2,9,FALSE
ENSMUSG00000047547,Cltb,CLTB,0.09064784085874315,0.037651732465417,0.9999945021158422,up,37.3627065349203,11,8,3,FALSE
ENSMUSG00000070738,Dgkd,DGKD,-0.09033928854882055,7.772430615645379e-4,0.9999945021158422,down,0.0016600041999922,11,2,9,FALSE
ENSMUSG00000021552,Gkap1,GKAP1,0.08925991460277556,0.030639666387931835,0.9999945021158422,up,27.038303075840187,11,9,2,FALSE
ENSMUSG00000025227,Mfsd13a,TMEM180,0.08901196673368593,0.043342123328584406,0.9999945021158422,up,1.9745487868306248,11,10,1,FALSE
ENSMUSG00000032290,Ptpn9,PTPN9,0.08895017473541318,0.02056772478966394,0.9999945021158422,up,16.006412908748686,11,9,2,FALSE
ENSMUSG00000057156,Homez,HOMEZ,0.08851890872028846,0.047349384997521185,0.9999945021158422,up,47.54475624595418,11,8,3,FALSE
ENSMUSG00000020375,Rufy1,RUFY1,0.08812444642276183,0.029398254184015593,0.9999945021158422,up,37.819030181243114,11,9,2,FALSE
ENSMUSG00000038332,Sesn1,SESN1,-0.08804214073324826,0.005416987709683833,0.9999945021158422,down,4.764479239394057,11,2,9,FALSE
ENSMUSG00000058325,Dock1,DOCK1,0.08706781810191591,0.02030613604496853,0.9999945021158422,up,29.032372968997418,11,8,3,FALSE
ENSMUSG00000037325,Bbs7,BBS7,0.08658639517631103,0.014216772783978721,0.9999945021158422,up,0.03143582173428646,11,9,2,FALSE
ENSMUSG00000090330,9130221H12Rik,NA,-0.0863284751679795,0.02859406351284155,0.9999945021158422,down,15.813980402461016,11,1,10,FALSE
ENSMUSG00000034509,Mad2l1bp,MAD2L1BP,-0.08595215245930875,0.04707363605124864,0.9999945021158422,down,37.90408776465779,11,3,8,FALSE
ENSMUSG00000015474,Ppt2,PPT2,-0.08587036484462308,0.0317016224727634,0.9999945021158422,down,38.81099551716192,11,3,8,FALSE
ENSMUSG00000001157,Gmcl1,GMCL1,-0.08557580298563064,0.04485443753901132,0.9999945021158422,down,53.8161776887082,11,2,9,FALSE
ENSMUSG00000038500,Prr3,PRR3,-0.08552784107550505,0.013743412289236083,0.9999945021158422,down,0.020248972511598996,11,2,9,FALSE
ENSMUSG00000046079,Lrrc8d,LRRC8D,0.08551375059033098,0.012783329196464788,0.9999945021158422,up,0,11,8,3,FALSE
ENSMUSG00000031066,Usp11,USP11,-0.08547990283130642,0.027810118262163036,0.9999945021158422,down,18.87777021358502,11,1,10,FALSE
ENSMUSG00000040359,Ufl1,UFL1,0.0852875556777532,0.0028597107492576083,0.9999945021158422,up,6.46588865762811,11,10,1,FALSE
ENSMUSG00000051034,Zfp11,ZNF546,0.08517925660561455,0.019054301639771627,0.9999945021158422,up,12.407850977468236,11,10,1,FALSE
ENSMUSG00000029729,Zkscan1,ZKSCAN1,-0.08489790870996124,0.011541462944329171,0.9999945021158422,down,33.94166103704097,11,2,9,FALSE
ENSMUSG00000026792,Lrsam1,LRSAM1,0.08447164525410006,0.00729987963530289,0.9999945021158422,up,9.745013752681453,11,8,3,FALSE
ENSMUSG00000031399,Fam3a,FAM3A,0.08438344559571512,0.028802403581389465,0.9999945021158422,up,36.283473985644086,11,8,3,FALSE
ENSMUSG00000046157,Tmem229b,TMEM229B,-0.08392252920228173,0.016700619018945262,0.9999945021158422,down,0.011263121810363427,11,1,10,FALSE
ENSMUSG00000021918,Nek4,NEK4,0.08322059794919365,0.007798188514553362,0.9999945021158422,up,12.720611212657609,11,9,2,FALSE
ENSMUSG00000022843,Clcn2,CLCN2,-0.08295187525883711,0.028269095988668752,0.9999945021158422,down,6.527558496643447,11,3,8,FALSE
ENSMUSG00000075470,Alg10b,ALG10,-0.08288560053648877,0.03786011123721368,0.9999945021158422,down,50.50970167481884,11,2,9,FALSE
ENSMUSG00000031393,Mecp2,MECP2,-0.08286333283584851,0.013327854915365747,0.9999945021158422,down,46.39415581538959,11,2,9,FALSE
ENSMUSG00000040102,Klhl42,KLHL42,-0.08283625021423667,6.03077245309641e-4,0.9999945021158422,down,0,11,2,9,FALSE
ENSMUSG00000042105,Inpp5f,INPP5F,0.0826312380345505,0.002662270303710571,0.9999945021158422,up,9.425387537158812,11,10,1,FALSE
ENSMUSG00000020611,Gna13,GNA13,-0.08243103872279277,8.444306628943362e-4,0.9999945021158422,down,2.4242256904340365,11,0,11,FALSE
ENSMUSG00000065979,Cpped1,CPPED1,0.08224585502388403,0.002646279070078228,0.9999945021158422,up,3.120760909038509,11,9,2,FALSE
ENSMUSG00000052384,Nrros,NRROS,-0.08204240103295532,0.013710764041138353,0.9999945021158422,down,4.7245393917476585e-4,11,1,10,FALSE
ENSMUSG00000020340,Cyfip2,CYFIP2,-0.08147131647207836,0.023319014936543238,0.9999945021158422,down,10.486816591421222,11,2,9,FALSE
ENSMUSG00000057193,Slc44a2,SLC44A2,-0.0811253762201029,0.009074031831170863,0.9999945021158422,down,3.5540593681808463,11,1,10,FALSE
ENSMUSG00000051721,Wdcp,C2orf44,-0.08073277671773169,0.03002438044293311,0.9999945021158422,down,41.830130996455935,11,1,10,FALSE
ENSMUSG00000038975,Rabggtb,RABGGTB,-0.08062746730755366,0.005744252944717027,0.9999945021158422,down,11.732821824886681,11,2,9,FALSE
ENSMUSG00000031557,Plekha2,PLEKHA2,-0.08030497242841203,0.011521718535561361,0.9999945021158422,down,5.178216400329974e-4,11,1,10,FALSE
ENSMUSG00000035517,Tdrd7,TDRD7,0.08020188529952227,0.007301682845058655,0.9999945021158422,up,0.007614879747805079,11,9,2,FALSE
ENSMUSG00000069662,Marcks,NA,-0.0801353086693728,0.015069080372583102,0.9999945021158422,down,9.646703406860609e-4,11,2,9,FALSE
ENSMUSG00000030263,Irag2,LRMP,-0.07983157154181203,0.03712131830164749,0.9999945021158422,down,18.574539138804283,11,2,9,FALSE
ENSMUSG00000034320,Slc26a2,SLC26A2,-0.07952594513816998,0.010835645781870878,0.9999945021158422,down,26.45453088534029,11,3,8,FALSE
ENSMUSG00000028790,Khdrbs1,KHDRBS1,-0.07923355307919945,0.0013973426837352377,0.9999945021158422,down,0.09802223965602377,11,1,10,FALSE
ENSMUSG00000053769,Lysmd1,LYSMD1,-0.07918953433052875,0.01615757062164903,0.9999945021158422,down,0,11,1,10,FALSE
ENSMUSG00000042595,Fam199x,FAM199X,0.07914788747891055,0.005979803269891469,0.9999945021158422,up,0.0032947691399542356,11,9,2,FALSE
ENSMUSG00000024135,Srbd1,SRBD1,-0.07910104901674092,0.04445184305260611,0.9999945021158422,down,56.02056786501036,11,1,10,FALSE
ENSMUSG00000004633,Chn2,CHN2,0.07841208289048227,0.04858071165021205,0.9999945021158422,up,46.46556446580186,11,9,2,FALSE
ENSMUSG00000014932,Yes1,YES1,0.07837301512174233,0.0310162538565007,0.9999945021158422,up,0.026394161865285457,11,10,1,FALSE
ENSMUSG00000044456,Rin3,RIN3,0.07790763131726014,0.03483604483307814,0.9999945021158422,up,0.03255665819522452,11,8,3,FALSE
ENSMUSG00000066892,Fbxl12,FBXL12,-0.07790460754250354,0.041316576986777105,0.9999945021158422,down,4.272585125710431,11,3,8,FALSE
ENSMUSG00000025982,Sf3b1,SF3B1,-0.07786996634429139,0.01467473960789734,0.9999945021158422,down,46.407825245463115,11,3,8,FALSE
ENSMUSG00000019814,Ltv1,LTV1,0.07760673046825298,0.04484590472922674,0.9999945021158422,up,29.3512638323752,11,8,3,FALSE
ENSMUSG00000024410,Rmc1,C18orf8,-0.07745924462374393,0.011253363704152084,0.9999945021158422,down,19.968879517330457,11,2,9,FALSE
ENSMUSG00000022412,Mief1,MIEF1,-0.07739148322629738,0.0038602339225510774,0.9999945021158422,down,26.11931058195177,11,3,8,FALSE
ENSMUSG00000019795,Pcmt1,NA,-0.07729605385141486,0.0048310437903092834,0.9999945021158422,down,15.089248765658883,11,2,9,FALSE
ENSMUSG00000034617,Mtrr,MTRR,-0.07724747228220065,0.02014069160794355,0.9999945021158422,down,31.851393596961238,11,3,8,FALSE
ENSMUSG00000047749,Zc3hav1l,ZC3HAV1L,-0.07692386512247865,0.034605705822278274,0.9999945021158422,down,3.7093768905050107e-4,11,2,9,FALSE
ENSMUSG00000070939,Tgfbrap1,TGFBRAP1,0.0768429634902517,0.031025934944046058,0.9999945021158422,up,40.888300196253574,11,9,2,FALSE
ENSMUSG00000001173,Ocrl,OCRL,0.07667631784710381,0.005250332561941947,0.9999945021158422,up,0,11,9,2,FALSE
ENSMUSG00000103906,Tigd5,TIGD5,-0.07662607190967743,0.04575213691171161,0.9999945021158422,down,2.7862295855978703,11,2,9,FALSE
ENSMUSG00000066877,Nck2,NCK2,-0.07646569378645512,0.0234383402075474,0.9999945021158422,down,20.517837191748633,11,1,10,FALSE
ENSMUSG00000028689,Ccdc163,NA,-0.07609262768142709,0.04739904418586348,0.9999945021158422,down,34.126732120118234,11,1,10,FALSE
ENSMUSG00000040818,Dennd6a,DENND6A,-0.07599768128527959,0.009972042507212942,0.9999945021158422,down,33.31207900385586,11,2,9,FALSE
ENSMUSG00000044730,Airim,C1orf109,-0.07599213354507832,0.024906560016154246,0.9999945021158422,down,28.969657533580506,11,3,8,FALSE
ENSMUSG00000070709,Zfp974,NA,0.07587103980557697,0.04225381713342691,0.9999945021158422,up,21.167189121184123,11,8,3,FALSE
ENSMUSG00000042015,Wdr41,WDR41,0.07528989258773111,0.0019694319143927523,0.9999945021158422,up,0,11,10,1,FALSE
ENSMUSG00000039735,Fnbp1l,NA,0.07512329531066715,0.011553242752743326,0.9999945021158422,up,0.03218851829767124,11,9,2,FALSE
ENSMUSG00000035133,Arhgap5,ARHGAP5,0.07505524897228281,0.019264662997689596,0.9999945021158422,up,0.014278172614798721,11,10,1,FALSE
ENSMUSG00000048707,Tprn,TPRN,0.07464260137901331,0.034243553815651695,0.9999945021158422,up,0.006234444837460376,11,8,3,FALSE
ENSMUSG00000021540,Smad5,SMAD5,-0.07449821034978238,0.025936062704705883,0.9999945021158422,down,58.71343400360009,11,3,8,FALSE
ENSMUSG00000022848,Slc49a4,DIRC2,-0.0743719908106952,0.043059842857419886,0.9999945021158422,down,36.18262666273064,11,2,9,FALSE
ENSMUSG00000030752,Kdm8,KDM8,-0.07435991072252969,0.034430268958688164,0.9999945021158422,down,0.004220329231260435,11,2,9,FALSE
ENSMUSG00000034349,Smc4,SMC4,-0.07393738453082908,0.029462003687414168,0.9999945021158422,down,20.91720486045402,11,3,8,FALSE
ENSMUSG00000031583,Wrn,WRN,-0.07369637396301659,0.03645152548822225,0.9999945021158422,down,43.65319284963637,11,3,8,FALSE
ENSMUSG00000075327,Zbtb2,ZBTB2,-0.07347540313894006,0.013458421517346403,0.9999945021158422,down,7.744236607531127,11,1,10,FALSE
ENSMUSG00000041133,Smc1a,SMC1A,-0.07346319149754081,0.006750816687237993,0.9999945021158422,down,0.01693979015953277,11,2,9,FALSE
ENSMUSG00000036249,Rbm43,RBM43,0.07324791653369253,0.024135368304250688,0.9999945021158422,up,14.259224389876724,11,8,3,FALSE
ENSMUSG00000020573,Pik3cg,PIK3CG,-0.07309097544939473,0.047008661646877094,0.9999945021158422,down,0,11,2,9,FALSE
ENSMUSG00000027412,Lpin3,LPIN3,0.07293942000794562,0.03909745150381003,0.9999945021158422,up,0.005279830829036935,11,8,3,FALSE
ENSMUSG00000024535,Snx24,SNX24,0.07281933732053461,0.0276343356230067,0.9999945021158422,up,0.003355750215605417,11,10,1,FALSE
ENSMUSG00000045140,Pigw,PIGW,-0.07260667680422139,0.018343239907730954,0.9999945021158422,down,0,11,3,8,FALSE
ENSMUSG00000049672,Zbtb14,ZBTB14,-0.07242537645967019,0.0024009283280368664,0.9999945021158422,down,0.00803839195772107,11,3,8,FALSE
ENSMUSG00000022971,Ifnar2,IFNAR2,-0.07194800824741555,0.04978508272205787,0.9999945021158422,down,29.69383066037089,11,2,9,FALSE
ENSMUSG00000027709,Mccc1,MCCC1,0.07192730768842656,0.036935728353743605,0.9999945021158422,up,21.2605736045103,11,8,3,FALSE
ENSMUSG00000046707,Csnk2a2,CSNK2A2,-0.07185889539227522,0.027657437900748386,0.9999945021158422,down,46.73605158924182,11,3,8,FALSE
ENSMUSG00000061859,Patj,INADL,0.07101412073057388,0.0397797163226292,0.9999945021158422,up,15.241388069121472,11,8,3,FALSE
ENSMUSG00000050332,Amer1,AMER1,-0.07096941009434356,0.013906449495381277,0.9999945021158422,down,13.396948694689213,11,2,9,FALSE
ENSMUSG00000035325,Sec31a,SEC31A,0.07080531820083295,0.004027782655422483,0.9999945021158422,up,0,11,9,2,FALSE
ENSMUSG00000070583,Fv1,NA,-0.06987539534857422,0.027588948951426013,0.9999945021158422,down,0.038475038165732646,11,2,9,FALSE
ENSMUSG00000031729,Ist1,IST1,-0.06970704669905929,0.0037274436385190163,0.9999945021158422,down,13.937607257765691,11,3,8,FALSE
ENSMUSG00000079491,H2-T10,NA,-0.06926456220821231,0.040088504259179085,0.9999945021158422,down,0,11,1,10,FALSE
ENSMUSG00000038485,Socs7,SOCS7,-0.06924250894397553,0.03901332075765628,0.9999945021158422,down,17.66530768619441,11,2,9,FALSE
ENSMUSG00000028550,Atg4c,ATG4C,0.06900539671350467,0.04102582801742295,0.9999945021158422,up,23.516026690013643,11,9,2,FALSE
ENSMUSG00000019297,Nop9,NOP9,-0.06860993950752967,0.017282830167519393,0.9999945021158422,down,0.024974746214427423,11,3,8,FALSE
ENSMUSG00000067430,Zfp763,NA,-0.06851345756366488,0.04829003585346517,0.9999945021158422,down,0.006244595233263526,11,1,10,FALSE
ENSMUSG00000029125,Stx18,STX18,0.06828104498215462,0.042672082336932884,0.9999945021158422,up,36.78402105592586,11,8,3,FALSE
ENSMUSG00000024180,Pgap6,TMEM8A,0.06770826665235359,0.040171343610730055,0.9999945021158422,up,7.802105335309271,11,8,3,FALSE
ENSMUSG00000003166,Dgcr2,DGCR2,-0.06762677803207198,0.033702672685994056,0.9999945021158422,down,15.850143855208458,11,3,8,FALSE
ENSMUSG00000021906,Oxnad1,OXNAD1,0.06754508869949793,0.010219441100511461,0.9999945021158422,up,0.033552167514436536,11,9,2,FALSE
ENSMUSG00000031103,Elf4,ELF4,-0.06749853760640381,0.045085658683232444,0.9999945021158422,down,0.03606009783638283,11,1,10,FALSE
ENSMUSG00000019843,Fyn,FYN,-0.06704195333118164,0.019270562921612115,0.9999945021158422,down,0.03239487549818683,11,2,9,FALSE
ENSMUSG00000001844,Zdhhc4,ZDHHC4,0.0669533415876192,0.04978175734642889,0.9999945021158422,up,36.63173136855411,11,9,2,FALSE
ENSMUSG00000037111,Setd7,SETD7,-0.06690864440429567,0.022019632733941998,0.9999945021158422,down,0.02042190771135365,11,0,11,FALSE
ENSMUSG00000046519,Golph3l,GOLPH3L,-0.06638323386405076,0.031970771650114894,0.9999945021158422,down,0.005257745301410094,11,2,9,FALSE
ENSMUSG00000024436,Mrps18b,MRPS18B,0.06635000499953461,0.024513622987271656,0.9999945021158422,up,0,11,10,1,FALSE
ENSMUSG00000034709,Ppp1r21,PPP1R21,0.06608589793144498,0.014808311684865249,0.9999945021158422,up,0,11,9,2,FALSE
ENSMUSG00000039047,Pigk,PIGK,0.0659854282416053,0.0354089814714857,0.9999945021158422,up,48.748797800448735,11,9,2,FALSE
ENSMUSG00000036104,Rab3gap1,RAB3GAP1,-0.06578353836474882,0.006968549548539885,0.9999945021158422,down,17.008474736013174,11,3,8,FALSE
ENSMUSG00000026667,Uhmk1,UHMK1,-0.06481774898361926,0.03427521442396723,0.9999945021158422,down,18.357917436550082,11,3,8,FALSE
ENSMUSG00000030180,Kdm5a,KDM5A,-0.06478299820710007,0.002357054950550731,0.9999945021158422,down,0.039917381595184785,11,3,8,FALSE
ENSMUSG00000049090,Ptgr3,ZADH2,0.06464014394331145,0.016544488155233964,0.9999945021158422,up,7.89376316766649,11,8,3,FALSE
ENSMUSG00000056014,A430033K04Rik,NA,-0.06460549311733865,0.0334013863990728,0.9999945021158422,down,0,11,3,8,FALSE
ENSMUSG00000037235,Mxd4,MXD4,-0.0641456059363655,0.018463324292045762,0.9999945021158422,down,0,11,1,10,FALSE
ENSMUSG00000033039,Micall1,MICALL1,0.0641189645790834,0.04626459240650574,0.9999945021158422,up,0,11,9,2,FALSE
ENSMUSG00000034109,Golim4,GOLIM4,0.06389182738893748,0.0332331617474818,0.9999945021158422,up,0,11,10,1,FALSE
ENSMUSG00000028540,Dph2,DPH2,-0.06367203577241232,0.04386962059667739,0.9999945021158422,down,0,11,1,10,FALSE
ENSMUSG00000038855,Itpkb,ITPKB,-0.06356061045986487,0.028249242043431027,0.9999945021158422,down,0.021175000183821804,11,2,9,FALSE
ENSMUSG00000043140,Tmem186,TMEM186,-0.06353080129415425,0.020870738778009868,0.9999945021158422,down,10.495232957508607,11,3,8,FALSE
ENSMUSG00000052139,Babam2,BRE,0.06350584638834453,0.02406437896749875,0.9999945021158422,up,1.2368991223915442,11,9,2,FALSE
ENSMUSG00000026000,Lancl1,LANCL1,-0.06328239844057527,0.048766461979212854,0.9999945021158422,down,6.484598261372731,11,3,8,FALSE
ENSMUSG00000033392,Clasp2,CLASP2,-0.06321140503626833,0.015258682440215948,0.9999945021158422,down,14.304571014046804,11,3,8,FALSE
ENSMUSG00000005299,Letm1,LETM1,0.06316404145951365,0.03082089124125516,0.9999945021158422,up,3.8154445570943825,11,8,3,FALSE
ENSMUSG00000057554,Lgals8,LGALS8,0.06245208745804873,0.04346756360958675,0.9999945021158422,up,36.005951132317065,11,8,3,FALSE
ENSMUSG00000006906,Stambp,STAMBP,0.062418315100964496,0.02903499011311728,0.9999945021158422,up,0,11,8,3,FALSE
ENSMUSG00000022401,Xpnpep3,NA,-0.06208672352905906,0.020149189784130318,0.9999945021158422,down,0.07004665161013614,11,3,8,FALSE
ENSMUSG00000021870,Slmap,SLMAP,0.0619335295845501,0.0034780249579792785,0.9999945021158422,up,0,11,9,2,FALSE
ENSMUSG00000031986,Sprtn,SPRTN,-0.06165583526640195,0.006286863463958252,0.9999945021158422,down,0.012282915887137468,11,2,9,FALSE
ENSMUSG00000018841,Rad51d,RAD51D,0.06125959912630946,0.026644296318483068,0.9999945021158422,up,12.602196101935121,11,9,2,FALSE
ENSMUSG00000032757,Bet1,BET1,0.06118235589789637,0.04884140405791311,0.9999945021158422,up,0,11,9,2,FALSE
ENSMUSG00000022255,Mtdh,MTDH,0.06079436070226855,0.010744823734543319,0.9999945021158422,up,9.127658906452156,11,9,2,FALSE
ENSMUSG00000028771,Ptpn12,PTPN12,0.06071340279154157,0.010686503895358008,0.9999945021158422,up,2.3150359788576225,11,8,3,FALSE
ENSMUSG00000040268,Plekha1,PLEKHA1,0.06065655044870322,0.03728609514641268,0.9999945021158422,up,2.650756102364767,11,8,3,FALSE
ENSMUSG00000057134,Ado,ADO,-0.059969659600013915,0.03235234239807098,0.9999945021158422,down,1.5408937262118039,11,3,8,FALSE
ENSMUSG00000063760,Rnf217,RNF217,0.05915089146553504,0.04921690960048294,0.9999945021158422,up,0.0029666958807542144,11,10,1,FALSE
ENSMUSG00000040511,Pvr,NA,-0.058981132547535745,0.03088127079288082,0.9999945021158422,down,0.04893928752545907,11,1,10,FALSE
ENSMUSG00000026374,Tsn,TSN,-0.05870942699404535,0.041588990927469795,0.9999945021158422,down,35.413500057161336,11,3,8,FALSE
ENSMUSG00000017802,Retreg3,FAM134C,-0.05863018763636837,0.013988583495011201,0.9999945021158422,down,0.027670281353628062,11,3,8,FALSE
ENSMUSG00000063808,Gpatch1,GPATCH1,0.057673468977219935,0.027360488983313797,0.9999945021158422,up,0,11,8,3,FALSE
ENSMUSG00000035764,Fbxo45,FBXO45,-0.057431795618586495,0.020186945350764558,0.9999945021158422,down,0.038253093668492576,11,2,9,FALSE
ENSMUSG00000020522,Mfap3,MFAP3,-0.05682375159900754,0.01104401059125308,0.9999945021158422,down,8.364802566805999,11,3,8,FALSE
ENSMUSG00000029249,Rest,REST,-0.05643046419807343,0.04411025092626181,0.9999945021158422,down,12.808018478777376,11,3,8,FALSE
ENSMUSG00000022339,Ebag9,EBAG9,0.055859866021202485,0.049528687580352976,0.9999945021158422,up,1.8562708608804879,11,8,3,FALSE
ENSMUSG00000026917,Wdr5,WDR5,-0.05205217934142573,0.039006174176060525,0.9999945021158422,down,0,11,3,8,FALSE
ENSMUSG00000071649,B3gat3,B3GAT3,0.051611054407751655,0.045072670131845204,0.9999945021158422,up,0,11,8,3,FALSE
ENSMUSG00000020362,Cnot6,CNOT6,-0.05053801092444555,0.04583630456124595,0.9999945021158422,down,0.12945209548757577,11,3,8,FALSE
ENSMUSG00000036061,Smug1,SMUG1,-0.04934582339138338,0.038885141942567675,0.9999945021158422,down,8.380665878019446,11,3,8,FALSE
ENSMUSG00000031529,Tnks,TNKS,-0.04855160585401553,0.04988056276492454,0.9999945021158422,down,0.5194982298486529,11,3,8,FALSE
