signature,compound,overlap,p,direction,z-sum
Fluorouracil-up,Fluorouracil,14,0.007515368377546745,up,-2.1240497269313905
Fluorouracil-dn,Fluorouracil,9,0.045132243985743684,dn,-1.345513072719648
Resveratrol-up,Resveratrol,10,0.23783060605309952,up,-0.6237322574352783
Resveratrol-dn,Resveratrol,4,0.5654540991580466,dn,-0.24760264324329312
Citalopram-up,Citalopram,18,0.00037841434327110906,up,-3.4220324106279643
Ethanol-up,Ethanol,2,0.9939504094461398,up,-0.002635283048512453
Ethanol-dn,Ethanol,5,0.36315958613898414,dn,-0.4399024875006141
Sodium arsenite-up,Sodium,13,0.015351908036047541,up,-1.8138376398591347
Vitamin c-up,Vitamin,6,0.4435140743721905,up,-0.3530925938137825
Vitamin c-dn,Vitamin,3,0.9043367436881895,dn,-0.043669823181985236
Perfluorooctanoic acid-up,Perfluorooctanoic,12,0.0025038856249052148,up,-2.601385513164088
Perfluorooctanoic acid-dn,Perfluorooctanoic,2,0.9863656478182273,dn,-0.005962061334033758
Formaldehyde-up,Formaldehyde,5,0.6902795509588053,up,-0.16097499208655294
Tretinoin-dn,Tretinoin,5,0.3664422675967709,dn,-0.43599443804642996
Vitamin e-up,Vitamin,6,0.47360403525472206,up,-0.32458460594435756
Vitamin e-dn,Vitamin,2,0.9778819626357881,dn,-0.009713564506586224
Gefitinib-up,Gefitinib,5,0.10512288352928902,up,-0.9783027348877656
Gefitinib-dn,Gefitinib,3,0.9877142669451215,dn,-0.005368673060604085
Methylprednisolone-up,Methylprednisolone,9,0.24215815226470713,up,-0.6159009058287515
Methylprednisolone-dn,Methylprednisolone,2,0.9417189669842108,dn,-0.026078682448907212
Levetiracetam-up,Levetiracetam,4,0.349691118129745,up,-0.4563153982776213
Levetiracetam-dn,Levetiracetam,5,0.880123680950656,dn,-0.05545629355428025
Rosiglitazone-up,Rosiglitazone,10,0.27458128362064743,up,-0.5613290690559203
Alitretinoin-up,Alitretinoin,5,0.7427411292804589,up,-0.12916252636718328
Alitretinoin-dn,Alitretinoin,3,0.8833098154432126,dn,-0.05388694360459717
Pristane-up,Pristane,2,0.991261576045025,up,-0.003811727913309574
Pristane-dn,Pristane,5,0.49281981777287526,dn,-0.30731183620006497
Hypochlorous acid-up,Hypochlorous,6,0.4698652849712502,up,-0.3280266407450013
Hypochlorous acid-dn,Hypochlorous,1,0.9969429960776424,dn,-0.0013296733801049846
Methoxychlor-up,Methoxychlor,4,0.8465730909345928,up,-0.07233554007220191
Methoxychlor-dn,Methoxychlor,3,0.9008925981168016,dn,-0.04532698130228508
4-vinylcyclohexene diepoxide-up,4,2,0.9666174123035653,up,-0.014745385899760871
4-hydroxytamoxifen-up,4,33,1.6531058419841185e-12,up,-11.781699339339568
4-hydroxytamoxifen-dn,4,1,0.979368194686617,dn,-0.009054003948987028
Leptin-up,Leptin,2,0.9162308002198889,up,-0.0379951129739221
Leptin-dn,Leptin,5,0.8048252541766847,dn,-0.09429840458250438
Morphine-up,Morphine,1,0.9715904578034814,up,-0.012516759144432123
Morphine-dn,Morphine,2,0.9943616534289194,dn,-0.002455632179497834
Mycophenolic acid-up,Mycophenolic,3,0.9617342053304688,up,-0.01694493742993094
Mycophenolic acid-dn,Mycophenolic,2,0.9514127500896039,dn,-0.021631032802121558
Acetaminophen-up,Acetaminophen,4,0.727294143085252,up,-0.13828990979691164
Acetaminophen-dn,Acetaminophen,1,0.9978673527312294,dn,-0.0009271859727823243
Abiraterone-up,Abiraterone,2,0.9633997460589665,up,-0.016193472496573467
Abiraterone-dn,Abiraterone,5,0.6919977287758597,dn,-0.15989533095036645
Trichloroethylene-up,Trichloroethylene,2,0.8593702928410434,up,-0.0658196633100175
Trichloroethylene-dn,Trichloroethylene,2,0.9950058370946795,dn,-0.0021743715049540127
Cisplatin-up,Cisplatin,5,0.9738104307342142,up,-0.011525577925213517
Cisplatin-dn,Cisplatin,1,0.8609548421040707,dn,-0.06501962710538921
Metoprolol-dn,Metoprolol,4,0.8466254281649666,dn,-0.07230869174921996
Azacitidine-up,Azacitidine,15,0.0035315829484333676,up,-2.452030588754784
Azacitidine-dn,Azacitidine,1,0.9911828536993176,dn,-0.003846219352109274
Methotrexate-up,Methotrexate,2,0.9915920259768156,up,-0.0036669743287743696
Methotrexate-dn,Methotrexate,1,0.9910313353025518,dn,-0.003912613391780122
Decitabine-up,Decitabine,13,0.006921265293589002,up,-2.159814503839198
Decitabine-dn,Decitabine,4,0.778297222540721,dn,-0.1088545193872702
Imatinib-dn,Imatinib,3,0.9228318855316194,dn,-0.034877408222031864
Doxorubicin-up,Doxorubicin,20,7.668705609843875e-06,up,-5.1152779338269685
Doxorubicin-dn,Doxorubicin,1,0.9926904802714522,dn,-0.0031861429088408983
Apratoxin a-up,Apratoxin,4,0.49278962010020394,up,-0.30733844853169984
Estradiol-up,Estradiol,12,0.05263132641656025,up,-1.2787556847398216
Hydroxyzine-up,Hydroxyzine,6,0.3292780404375089,up,-0.4824372314345133
Ribavirin-up,Ribavirin,5,0.5107255257737267,up,-0.29181243580875876
Ribavirin-dn,Ribavirin,2,0.9873378323199711,dn,-0.005534221587187851
Cycloheximide-up,Cycloheximide,12,0.06295901021367918,up,-1.2009421081921352
Cycloheximide-dn,Cycloheximide,1,0.9855568335439211,dn,-0.006318326450167014
Bleomycin-up,Bleomycin,5,0.6614943765994683,up,-0.17947384342236247
Bleomycin-dn,Bleomycin,4,0.7612172383579081,dn,-0.11849138533647953
Diclofenac-up,Diclofenac,6,0.4810593982929224,up,-0.31780129627024983
Diclofenac-dn,Diclofenac,1,0.996726217157203,dn,-0.0014241182245012442
Etanercept-up,Etanercept,6,0.7320230999576723,up,-0.13547521398824994
Etanercept-dn,Etanercept,2,0.9292473475292137,dn,-0.03186866989332877
Chromium(iii) nicotinate-up,Chromium(iii),8,0.1816540535905761,up,-0.7407549064587022
Chromium(iii) nicotinate-dn,Chromium(iii),5,0.6597833638417512,dn,-0.18059863920415525
Lipopolysaccharide-up,Lipopolysaccharide,4,0.9589326069108629,up,-0.0182119136585222
Sorafenib-up,Sorafenib,13,0.006155692602820897,up,-2.2107230756878464
Coenzyme q10-up,Coenzyme,4,0.8096413239183733,up,-0.0917073336419821
Coenzyme q10-dn,Coenzyme,5,0.6494521264559425,dn,-0.1874528568808588
"2,3-dimethoxy-1,4-naphtoquinone (dmnq)-up","2,3",15,0.0026155121153872266,up,-2.5824432639242025
"2,3-dimethoxy-1,4-naphtoquinone (dmnq)-dn","2,3",3,0.8582904259193509,dn,-0.06636573192758084
Argyrin a-up,Argyrin,16,0.003756323091070804,up,-2.4252370600069573
Argyrin a-dn,Argyrin,2,0.9131242008390339,dn,-0.0394701468134551
Lapatinib-up,Lapatinib,13,0.012904272747160907,up,-1.8892664661913896
Lapatinib-dn,Lapatinib,2,0.9595617028226187,dn,-0.01792709353529353
Nicotinamide riboside-up,Nicotinamide,4,0.8119985018663354,up,-0.09044477202949452
Nicotinamide riboside-dn,Nicotinamide,5,0.6623356741269719,dn,-0.17892185274528144
Curcumin-up,Curcumin,5,0.0011994556579757653,up,-2.921015802596023
Curcumin-dn,Curcumin,1,0.9999307602106704,dn,-3.0071499518149192e-05
Progesterone-up,Progesterone,2,0.9298113232269942,up,-0.03160516928967351
Progesterone-dn,Progesterone,2,0.990596547060854,dn,-0.004103190178548639
Cetuximab-up,Cetuximab,19,2.548263252695417e-05,up,-4.593755708484538
Cetuximab-dn,Cetuximab,1,0.9934016563981084,dn,-0.002875120197491074
Genistein-up,Genistein,3,0.8686961894529914,up,-0.06113208352116606
Genistein-dn,Genistein,1,0.99793931721046,dn,-0.0008958665301658066
Bisphenol a-up,Bisphenol,3,0.7144832953038442,up,-0.14600792060592932
Lysophosphatidic acid-up,Lysophosphatidic,5,0.7638652652190611,up,-0.11698323793234773
Lysophosphatidic acid-dn,Lysophosphatidic,2,0.9617948539979692,dn,-0.01691755091189403
Adenosine triphosphate-up,Adenosine,5,0.5805689951451865,up,-0.2361461610584302
Adenosine triphosphate-dn,Adenosine,4,0.840372690255448,dn,-0.07552806938373731
Lmp-420-up,Lmp,16,0.007895841820414876,up,-2.1026015605928614
Harman-up,Harman,7,0.47981287659687805,up,-0.31892810117867054
Harman-dn,Harman,1,0.9920399421365989,dn,-0.0034708416559979982
Torcetrapib-up,Torcetrapib,19,0.0005818684667054234,up,-3.2351751779619504
Torcetrapib-dn,Torcetrapib,3,0.6804529946869343,dn,-0.16720187024487473
Nickel-up,Nickel,17,0.000587344465751334,up,-3.231107119028612
Nickel-dn,Nickel,2,0.9392353240879241,dn,-0.027225582229365313
Rituximab-up,Rituximab,3,0.7984371303440929,up,-0.09775927491633099
Paclitaxel-dn,Paclitaxel,1,0.9981088319802068,dn,-0.000822101446584055
Aminolevulinic acid-up,Aminolevulinic,3,0.9398814035770747,up,-0.026926943231654888
Aminolevulinic acid-dn,Aminolevulinic,4,0.7803633474477983,dn,-0.10770313699021289
Pimecrolimus-up,Pimecrolimus,13,0.02822186446839392,up,-1.549414298108696
Doxycycline-up,Doxycycline,21,0.0001533423141759707,up,-3.814337986845596
Doxycycline-dn,Doxycycline,1,0.9593774289038944,dn,-0.018010503316232867
Deferasirox-up,Deferasirox,6,0.46611952856805894,up,-0.3315027014620043
Deferasirox-dn,Deferasirox,3,0.9228318855316194,dn,-0.034877408222031864
Plx4032-up,Plx4032,2,0.9712086099372558,up,-0.012687476153841202
Plx4032-dn,Plx4032,6,0.48928903678902363,dn,-0.3104345151114535
Vanadium pentoxide-up,Vanadium,2,0.9963614812788532,up,-0.001583070368164593
Calcitriol-up,Calcitriol,11,0.14046378063355305,up,-0.852435646569072
Calcitriol-dn,Calcitriol,5,0.3730092450878945,dn,-0.428280404006595
Palmitic acid-up,Palmitic,7,0.43826125942282096,up,-0.35826691757897877
Palmitic acid-dn,Palmitic,1,0.9939413978552197,dn,-0.002639220570861903
Pd173074-up,Pd173074,4,0.8300111946709106,up,-0.0809160500925807
Pd173074-dn,Pd173074,3,0.8973377539257094,dn,-0.04704405967944673
Isotretinoin-up,Isotretinoin,3,0.6549882169716441,up,-0.1837665127566507
Isotretinoin-dn,Isotretinoin,2,0.9952283926826196,dn,-0.0020772425713683077
Captopril-up,Captopril,8,0.3650518069078408,up,-0.4376454975774944
Captopril-dn,Captopril,6,0.3018488634650949,dn,-0.5202104550325293
Methylphenidate-up,Methylphenidate,4,0.613314046521746,up,-0.21231708870069085
Methylphenidate-dn,Methylphenidate,1,0.9987481397913811,dn,-0.0005440165681556738
Caerulein-up,Caerulein,9,0.11829803693406503,up,-0.9270224620988391
Caerulein-dn,Caerulein,4,0.7982826256997755,dn,-0.09784332287078377
Sodium butyrate-up,Sodium,8,0.2762954274441255,up,-0.5586263023879284
Sodium butyrate-dn,Sodium,1,0.994531397635582,dn,-0.002381501524329477
Bexarotene-up,Bexarotene,16,0.0021107518416437826,up,-2.6755628231300075
Bexarotene-dn,Bexarotene,2,0.9375243731237685,dn,-0.028017432959639918
Alfacalcidol-up,Alfacalcidol,15,0.005684314893078726,up,-2.245321871536532
Plx4720-up,Plx4720,16,0.0004934156068748134,up,-3.3067871177720725
Plx4720-dn,Plx4720,2,0.9659127995806833,dn,-0.015062078936800841
"2,3,7,8-tetrachlorodibenzo-p-dioxin-up","2,3,7,8",7,0.25599657815553584,up,-0.5917658397588565
"2,3,7,8-tetrachlorodibenzo-p-dioxin-dn","2,3,7,8",3,0.9364760575017894,dn,-0.028503321575211106
Atorvastatin-up,Atorvastatin,5,0.7260149219065792,up,-0.1390544530807755
Atorvastatin-dn,Atorvastatin,1,0.9948045919342191,dn,-0.0022622187307204723
Soman-up,Soman,6,0.7371707259255296,up,-0.13243191954824152
Soman-dn,Soman,5,0.42541688781155457,dn,-0.3711852738649005
Phosgene-up,Phosgene,4,0.888321104937098,up,-0.051430019700291305
Phosgene-dn,Phosgene,1,0.9928140953129838,dn,-0.003132065641886258
Insulin-up,Insulin,1,0.9964708912915362,up,-0.001535383301781113
Insulin-dn,Insulin,3,0.9199941781749424,dn,-0.036214920909332815
Concanavalin a-dn,Concanavalin,4,0.8919029215835265,dn,-0.04968241346577335
Vemurafenib-up,Vemurafenib,28,2.092871030686971e-10,up,-9.679257533432324
Fenretinide-up,Fenretinide,7,0.08107934301074723,up,-1.091089779070829
Fenretinide-dn,Fenretinide,3,0.9716867052837562,dn,-0.012473739290745151
Sodium pyruvate-up,Sodium,15,0.04466290375422014,up,-1.350053044734373
N-nitrosodimethylamine-up,N,9,0.14094708323948713,up,-0.8509439069942418
N-nitrosodimethylamine-dn,N,7,0.2824760958060602,dn,-0.5490182979286813
1-naphthyl isothiocyanate-up,1,4,0.8524250430134604,up,-0.06934379982738825
1-naphthyl isothiocyanate-dn,1,5,0.6034268203935075,dn,-0.2193753907304008
Glipizide-up,Glipizide,11,0.1070912694974836,up,-0.9702459331234793
Glipizide-dn,Glipizide,6,0.2538028274465296,dn,-0.5955035440317561
Cyclophosphamide-up,Cyclophosphamide,11,0.15204198489428392,up,-0.8180364693569647
Cyclophosphamide-dn,Cyclophosphamide,5,0.35003975396934645,dn,-0.4558826300808789
Cadmium-up,Cadmium,2,0.9756482895869681,up,-0.010706712476650272
Epz004777-up,Epz004777,4,0.730415586198795,up,-0.13642996804781443
Epz004777-dn,Epz004777,2,0.9844305003879447,dn,-0.0068149391128993365
Folic acid-up,Folic,6,0.48477546129498783,up,-0.3144593717087208
Folic acid-dn,Folic,3,0.9218963124298528,dn,-0.03531792219129803
Metformin-up,Metformin,7,0.5502785996928565,up,-0.25941737655105207
Metformin-dn,Metformin,4,0.6462863678472359,dn,-0.18957500457734391
Irinotecan-up,Irinotecan,5,0.6548704725727846,up,-0.18384459101539052
Irinotecan-dn,Irinotecan,2,0.9778819626357881,dn,-0.009713564506586224
Zinc acetate-up,Zinc,3,0.7593908079953731,up,-0.11953466405828075
Zinc acetate-dn,Zinc,3,0.9690046341778924,dn,-0.013674145969797847
Mehp-up,Mehp,5,0.671276258573349,up,-0.17309871249468398
Mehp-dn,Mehp,3,0.9180500893964297,dn,-0.03713362276932751
Colchicine-up,Colchicine,3,0.9779142799760219,up,-0.009699212047747404
Colchicine-dn,Colchicine,7,0.1313418156819204,dn,-0.8815969842781455
Chlorambucil-up,Chlorambucil,25,5.74436945897152e-08,up,-7.2407576354731775
Chlorambucil-dn,Chlorambucil,3,0.8027183854710179,dn,-0.09543678982356527
Thapsigargin-up,Thapsigargin,5,0.7025292099913861,up,-0.15333561380815527
Thapsigargin-dn,Thapsigargin,2,0.9721175410233998,dn,-0.012281220329277304
Bpde-up,Bpde,21,3.331950321488243e-05,up,-4.477301482434627
Bpde-dn,Bpde,2,0.9044791585231854,dn,-0.0436014359270611
Cytarabine-up,Cytarabine,16,0.00026285061158941867,up,-3.58029100814679
Cytarabine-dn,Cytarabine,1,0.9956951055325229,dn,-0.0018736276969234915
Dapt-up,Dapt,6,0.6996668267940425,up,-0.15510871674360632
Dapt-dn,Dapt,5,0.4706186817737371,dn,-0.3273308369768087
"Puromycin, 2xec50, 1d-up","Puromycin,",12,0.006773690068502529,up,-2.169174678464703
Cobalt dichloride hexahydrate-up,Cobalt,11,0.049709666559158414,up,-1.3035591499972556
Cobalt dichloride hexahydrate-dn,Cobalt,2,0.9633919108866543,dn,-0.01619700455681225
Acrylamide-dn,Acrylamide,11,0.07041214249446505,dn,-1.1523524408064807
Olanzapine-up,Olanzapine,2,0.9310490251492871,up,-0.031027450284776336
Olanzapine-dn,Olanzapine,12,0.03237870891142551,dn,-1.489740472562957
N-methylformamide-up,N,11,0.05071019432627362,up,-1.2949047251912982
N-methylformamide-dn,N,5,0.5660538603756111,dn,-0.2471422434565356
Chlorpyrifos-up,Chlorpyrifos,23,3.8497417332416374e-05,up,-4.4145684049305345
Chlorpyrifos-dn,Chlorpyrifos,2,0.777275826984404,dn,-0.10942483849614398
Cyfluthrin-up,Cyfluthrin,21,9.710035428954435e-05,up,-4.012779185481146
Cyfluthrin-dn,Cyfluthrin,2,0.8538628579694771,dn,-0.06861187733197119
Ethinyl estradiol-up,Ethinyl,4,0.7740737590610257,up,-0.11121765478613066
Ethinyl estradiol-dn,Ethinyl,3,0.9349006169344904,dn,-0.029234553631194544
Hydrogen peroxide-up,Hydrogen,19,0.0003811219922449635,up,-3.418935989997031
Hydrogen peroxide-dn,Hydrogen,1,0.9775419983924888,dn,-0.009864574823877457
"Dmnq   (2,3-dimethoxy-1,4-naphthoquinone)-up",Dmnq,17,0.0004110190904920074,up,-3.3861380060976773
"Dmnq   (2,3-dimethoxy-1,4-naphthoquinone)-dn",Dmnq,1,0.9919030811208857,dn,-0.003530760699346943
Mln4924-up,Mln4924,10,0.3868798670674686,up,-0.41242387004356423
Mln4924-dn,Mln4924,1,0.9565354559881962,dn,-0.019298927304605175
Cediranib-up,Cediranib,12,0.051666424348742156,up,-1.2867915934058407
Cediranib-dn,Cediranib,2,0.9383854558458689,dn,-0.027618732025127924
Quercetin-up,Quercetin,2,0.7729784556896605,up,-0.1118326104872223
Quercetin-dn,Quercetin,3,0.9841386522728476,dn,-0.006943710842048722
Dexamethasone-up,Dexamethasone,9,0.10500810669618783,up,-0.9787771718108486
Dexamethasone-dn,Dexamethasone,3,0.920950441697072,dn,-0.03576373948456281
Streptozocin-up,Streptozocin,3,0.8743787568914183,up,-0.05830040215270973
Streptozocin-dn,Streptozocin,3,0.9402627217179934,dn,-0.02675078187839138
Medroxyprogesterone acetate-up,Medroxyprogesterone,6,0.7447606818217907,up,-0.12798325914616204
Medroxyprogesterone acetate-dn,Medroxyprogesterone,4,0.5881900523151251,dn,-0.2304823247136507
Diethylstilbestrol-up,Diethylstilbestrol,11,0.09308509875955652,up,-1.0311198361449478
Diethylstilbestrol-dn,Diethylstilbestrol,1,0.9893661582368027,dn,-0.004642948977270848
Ciprofloxacin-up,Ciprofloxacin,7,0.4660372787908453,up,-0.3315793422679124
Ciprofloxacin-dn,Ciprofloxacin,2,0.9595617028226187,dn,-0.01792709353529353
Pioglitazone-up,Pioglitazone,4,0.8562208973052541,up,-0.06741417678948536
Pioglitazone-dn,Pioglitazone,4,0.7655796774854688,dn,-0.11600960353980991
Dasatinib-up,Dasatinib,14,0.00620703776582845,up,-2.2071156122042592
Dasatinib-dn,Dasatinib,3,0.8660956407644727,dn,-0.062434147286580755
Cholestyramine-up,Cholestyramine,3,0.9975386769813749,up,-0.001070256669836116
Oprelvekin-up,Oprelvekin,10,0.2455496711322957,up,-0.6098606431879461
Celecoxib-up,Celecoxib,7,0.5138087980599693,up,-0.2891984634869898
Celecoxib-dn,Celecoxib,4,0.690858978514215,dn,-0.1606105938754097
Phenytoin-up,Phenytoin,2,0.8911887242355442,up,-0.05003031704608906
Phenytoin-dn,Phenytoin,7,0.5535837478179556,dn,-0.2568166684367538
Insulin regular-up,Insulin,4,0.9583131856848028,up,-0.018492536237901775
Insulin regular-dn,Insulin,7,0.06434630213792823,dn,-1.1914764061370229
Carbidopa-up,Carbidopa,3,0.9670036515525147,up,-0.014571885952041458
Carbidopa-dn,Carbidopa,1,0.988222933716698,dn,-0.005145071645711776
Cyclosporine-up,Cyclosporine,9,0.1823780053776515,up,-0.7390275383710031
Cyclosporine-dn,Cyclosporine,3,0.8705960970750027,dn,-0.060183284137716536
Interferon beta-1b-up,Interferon,3,0.9070031892208679,up,-0.04239118586317994
Vx-up,Vx,21,6.72016186711291e-05,up,-4.172620266061159
"2,2',4,4',5,5'-hexachlorobiphenyl   (pcb-153)-up","2,2',4,4',5,5'",11,0.033940793578578786,up,-1.469278007546671
"2,2',4,4',5,5'-hexachlorobiphenyl   (pcb-153)-dn","2,2',4,4',5,5'",1,0.9956951055325229,dn,-0.0018736276969234915
Simvastatin-up,Simvastatin,6,0.2881644405346143,up,-0.5403596121146974
Simvastatin-dn,Simvastatin,3,0.9557067084633731,dn,-0.019675365504898883
Sangivamycin (nsc 65346)-up,Sangivamycin,27,1.0052382748819865e-06,up,-5.997730983814457
Mepenzolate bromide-up,Mepenzolate,3,0.9738644473624207,up,-0.011501488562218774
Mepenzolate bromide-dn,Mepenzolate,1,0.988222933716698,dn,-0.005145071645711776
Arc (nsc 188491)-up,Arc,23,2.2739612137438798e-05,up,-4.6432169472123395
Arc (nsc 188491)-dn,Arc,1,0.9550411465160756,dn,-0.01997791708648304
Fluoxetine-up,Fluoxetine,8,0.3521142597647106,up,-0.4533163867113381
Fluoxetine-dn,Fluoxetine,7,0.1875638155463788,dn,-0.7268509411396127
Lubiprostone-up,Lubiprostone,4,0.9564029941036662,up,-0.01935907295707304
Lubiprostone-dn,Lubiprostone,1,0.9767672701298137,dn,-0.010208901315593395
Trastuzumab-up,Trastuzumab,17,0.000587344465751334,up,-3.231107119028612
Trastuzumab-dn,Trastuzumab,1,0.990398913449518,dn,-0.004189844781083129
Motexafin gadolinium (4 h)-up,Motexafin,6,0.3978408041259232,up,-0.4002906759679231
Motexafin gadolinium (4 h)-dn,Motexafin,3,0.9402627217179934,dn,-0.02675078187839138
Pertuzumab-up,Pertuzumab,15,0.004696259138263709,up,-2.3282479468513926
Pertuzumab-dn,Pertuzumab,2,0.9409019484618218,dn,-0.026455632110148997
Orotic acid-dn,Orotic,2,0.9976054088374641,dn,-0.0010412048564021922
Cadmium dichloride-up,Cadmium,13,0.008920916812130825,up,-2.049590510423354
Cadmium dichloride-dn,Cadmium,1,0.9947150705003122,dn,-0.0023013021994774665
Tamoxifen-up,Tamoxifen,10,0.22517359941975254,up,-0.6474825298883669
Tamoxifen-dn,Tamoxifen,2,0.892188621805695,dn,-0.04954331967152639
Sodium dichromate-up,Sodium,18,0.00037841434327110906,up,-3.4220324106279643
Sodium dichromate-dn,Sodium,3,0.8027183854710179,dn,-0.09543678982356527
Nickel chloride-up,Nickel,4,0.8635650578555987,up,-0.06370493869481163
Nickel chloride-dn,Nickel,4,0.7612172383579081,dn,-0.11849138533647953
Mesalazine-up,Mesalazine,1,0.9865063078167038,up,-0.005900133482008823
Mepenzolate-up,Mepenzolate,3,0.9262314014602911,up,-0.03328049947065717
Mepenzolate-dn,Mepenzolate,3,0.8985351770943393,dn,-0.0464649158628424
Ubiquinol-up,Ubiquinol,5,0.6808718003825447,up,-0.1669346525919087
Ubiquinol-dn,Ubiquinol,1,0.9959104180853848,dn,-0.0017797245089198157
Casiigly-up,Casiigly,29,1.1932246395387305e-07,up,-6.92327778723654
Heroin-up,Heroin,9,0.12833005263992062,up,-0.8916716275897939
Heroin-dn,Heroin,8,0.17548199407341966,dn,-0.7557674391738499
Arsenic-up,Arsenic,13,0.29181487585010124,up,-0.5348925728437279
Phenol-up,Phenol,2,0.9560522625624982,up,-0.01951836638277327
Phenol-dn,Phenol,1,0.9982038039500264,dn,-0.0007807794595196261
D-serine-up,D,4,0.6212257315833764,up,-0.20675056380434828
D-serine-dn,D,5,0.7943311361729712,dn,-0.09999841365219182
Pyrazinamide-up,Pyrazinamide,9,0.8183396579911908,up,-0.0870664017392173
Valproic acid-up,Valproic,12,0.049772998974131635,up,-1.3030061909080155
Valproic acid-dn,Valproic,3,0.8210547435902762,dn,-0.0856278854547753
Nilotinib-up,Nilotinib,5,0.42827659683129,up,-0.36827565697099296
Nilotinib-dn,Nilotinib,1,0.9987264122036088,dn,-0.0005534646699755715
Aldosterone-up,Aldosterone,11,0.033940793578578786,up,-1.469278007546671
Aldosterone-dn,Aldosterone,3,0.9065727332059645,dn,-0.04259734726306773
Amoxicillin-up,Amoxicillin,10,0.15558824463642842,up,-0.8080232189298155
Dactinomycin-up,Dactinomycin,15,0.0011067547241472178,up,-2.9559486155730226
Dactinomycin-dn,Dactinomycin,4,0.7677376809574095,dn,-0.11478714347511518
Natural alpha interferon-up,Natural,8,0.31056372852046327,up,-0.5078492679354182
Natural alpha interferon-dn,Natural,2,0.9601313892740263,dn,-0.017669331822712672
Menadione-up,Menadione,18,0.007061125696904551,up,-2.1511260574492574
Ascorbic acid-up,Ascorbic,26,5.043653124242841e-06,up,-5.297254789546903
Ascorbic acid-dn,Ascorbic,3,0.4033126895299486,dn,-0.3943581134594361
Pbde 47-up,Pbde,10,0.11808683651093155,up,-0.9277985117792811
Pbde 47-dn,Pbde,3,0.869110904618161,dn,-0.060924801007671565
Vancomycin-up,Vancomycin,5,0.7231532521175971,up,-0.1407696563761274
Clozapine-up,Clozapine,4,0.9127947848085831,up,-0.039626849894973976
Clozapine-dn,Clozapine,5,0.4865091776348116,dn,-0.312908962675052
Monuron-up,Monuron,14,0.00771897648102755,up,-2.112440282321127
Monuron-dn,Monuron,2,0.9507250792347102,dn,-0.0219450496583695
Haloperidol-up,Haloperidol,11,0.18304127850831933,up,-0.7374509594125889
Haloperidol-dn,Haloperidol,6,0.15895827000274132,dn,-0.7987168724480124
Phenobarbital sodium-up,Phenobarbital,8,0.7175472401047813,up,-0.144149501644184
Phenobarbital sodium-dn,Phenobarbital,2,0.7540871924364232,dn,-0.12257843529111054
Azathioprine-up,Azathioprine,10,0.14113169386081242,up,-0.850375446038664
Isoflurane-up,Isoflurane,6,0.6146324526175662,up,-0.2113845127085959
Isoflurane-dn,Isoflurane,2,0.9617948539979692,dn,-0.01691755091189403
Propofol-up,Propofol,3,0.8686961894529914,up,-0.06113208352116606
Propofol-dn,Propofol,4,0.862770122976956,dn,-0.06410490257146904
"Puromycin, 2xec50, 3 d-up","Puromycin,",9,0.11059483704486202,up,-0.9562651469487149
"Puromycin, 2xec50, 3 d-dn","Puromycin,",2,0.9765590359934742,dn,-0.01030149714703767
Fasudil-up,Fasudil,6,0.41310967481493144,up,-0.38393463395215577
Fasudil-dn,Fasudil,1,0.9976361103990039,dn,-0.001027839538334113
Sevoflurane-up,Sevoflurane,1,0.997041652189386,up,-0.0012866983200828382
Sevoflurane-dn,Sevoflurane,3,0.9130012281580298,dn,-0.039528638257709296
Permethrin-up,Permethrin,13,0.05207060649665358,up,-1.2834073638143026
Permethrin-dn,Permethrin,1,0.979368194686617,dn,-0.009054003948987028
Arachidonic acid-up,Arachidonic,30,3.958478752269614e-06,up,-5.402471681858998
Cadmium chloride-up,Cadmium,13,0.422686138979428,up,-0.37398199362697604
Androstanolone-up,Androstanolone,2,0.9453748438267786,up,-0.024395958340036078
Androstanolone-dn,Androstanolone,1,0.9984073529849303,dn,-0.0006922291950830867
Imatinib (glivec)-up,Imatinib,9,0.24766277052733637,up,-0.6061392730659028
Imatinib (glivec)-dn,Imatinib,1,0.990398913449518,dn,-0.004189844781083129
Fluticasone-up,Fluticasone,11,0.34918870688526094,up,-0.45693981026063357
Letrozole-up,Letrozole,11,0.054848407446764176,up,-1.260835977881857
Letrozole-dn,Letrozole,3,0.8720664798024019,dn,-0.05945040645409778
Corticosterone-up,Corticosterone,7,0.637260543374708,up,-0.19568297046587055
Corticosterone-dn,Corticosterone,4,0.558834474684599,dn,-0.2527168099603999
Rosiglitazone effect on prdm16-deficient inguinal white adipose tissue-up,Rosiglitazone,7,0.7113284860089124,up,-0.14792979910649828
Rosiglitazone effect on prdm16-deficient inguinal white adipose tissue-dn,Rosiglitazone,4,0.4611346617693691,dn,-0.3361722322603119
Actinomycin d-up,Actinomycin,21,8.725101783164464e-06,up,-5.0592294980525825
Actinomycin d-dn,Actinomycin,1,0.9888090613390235,dn,-0.004887562409481462
Mek inhibitor (meki : azd6244)-up,Mek,8,0.5446183253600347,up,-0.2639077495754802
Mek inhibitor (meki : azd6244)-dn,Mek,2,0.8862698746400139,dn,-0.0524340126272614
Deltamethrin-up,Deltamethrin,9,0.5964626799914625,up,-0.22441672446776537
Deltamethrin-dn,Deltamethrin,2,0.7448715149371485,dn,-0.12791863351494162
Cigarette smoke-up,Cigarette,10,0.027904944223739188,up,-1.5543188412120583
Cigarette smoke-dn,Cigarette,4,0.855619075125815,dn,-0.06771954185467231
Nsc319726-up,Nsc319726,6,0.37109713108825787,up,-0.4305124031218578
Nsc319726-dn,Nsc319726,2,0.9851033570598337,dn,-0.0065182009278951306
Interferon gamma-1b-up,Interferon,9,0.10137517583725714,up,-0.9940683794877245
Interferon gamma-1b-dn,Interferon,1,0.996890178732387,dn,-0.0013526826086486495
Angiotensin ii-up,Angiotensin,1,0.9241484054323028,up,-0.0342582815017173
Angiotensin ii-dn,Angiotensin,3,0.9863142014427939,dn,-0.005984713643254732
Luteolin-up,Luteolin,15,4.8953805816259663e-05,up,-4.310213539187698
Luteolin-dn,Luteolin,4,0.887258347886881,dn,-0.051949905844384595
Interferon beta-1a-up,Interferon,4,0.9151974112059642,up,-0.038485217026307424
Mercury-up,Mercury,12,0.06295901021367918,up,-1.2009421081921352
Mercury-dn,Mercury,2,0.9292473475292137,dn,-0.03186866989332877
Nitric oxide-up,Nitric,8,0.4008190707980676,up,-0.3970516231055612
Nitric oxide-dn,Nitric,1,0.9889979137940541,dn,-0.004804624508670957
"3h-1,2-dithiole-3-thione-up",3h,5,0.6614943765994683,up,-0.17947384342236247
"3h-1,2-dithiole-3-thione-dn",3h,4,0.7982826256997755,dn,-0.09784332287078377
Motexafin gadolinium-up,Motexafin,18,2.9962300449359994e-05,up,-4.523424845374824
Motexafin gadolinium-dn,Motexafin,1,0.9953903814026358,dn,-0.0020065602204282526
"2,3,7,8-tetrachlorodibenzo-p-dioxin (tcdd)-up","2,3,7,8",31,2.3433618030171937e-13,up,-12.630160653390524
Halothane-up,Halothane,7,0.5470094245549628,up,-0.26200519103959546
Halothane-dn,Halothane,2,0.9392353240879241,dn,-0.027225582229365313
Trichostatin a-up,Trichostatin,5,0.9954342597892968,up,-0.00198741625283766
Anastrozole-up,Anastrozole,14,3.9600876508861016e-05,up,-4.402295201479817
Anastrozole-dn,Anastrozole,3,0.9681955249899944,dn,-0.014036929004200881
4-hydroxynonenal-up,4,20,0.00019355367710211698,up,-3.7131985736088367
4-hydroxynonenal-dn,4,1,0.9738403244456529,dn,-0.01151224630106281
Bicalutamide-up,Bicalutamide,31,3.049884914947753e-07,up,-6.515716548110959
Carboplatin-up,Carboplatin,15,0.0003328618637119472,up,-3.4777359595090247
Carboplatin-dn,Carboplatin,1,0.9971939902768078,dn,-0.001220347494261835
Gamma-tocotrienol-up,Gamma,12,0.015032563817291613,up,-1.8229669437812315
Gamma-tocotrienol-dn,Gamma,1,0.9958398650472133,dn,-0.0018104922165302435
Phorbol 12-myristate 13-acetate (pma)-up,Phorbol,9,0.1222575206162844,up,-0.9127244159532786
Phorbol 12-myristate 13-acetate (pma)-dn,Phorbol,1,0.9957681010882787,dn,-0.001841790234923686
Nvp-tnks656 (tankyrase inhibitor)-up,Nvp,7,0.8580693456577337,up,-0.06647761282784319
Fgfr-specific pd173074 inhibitor-up,Fgfr,5,0.44087112469117773,up,-0.3556883448070378
Fgfr-specific pd173074 inhibitor-dn,Fgfr,6,0.6191973254466336,dn,-0.20817092820739436
Nvp-tnks656-up,Nvp,13,0.16397372759855428,up,-0.7852257304461783
Nvp-tnks656-dn,Nvp,1,0.9188455929676517,dn,-0.036757463321372655
Aplidin-up,Aplidin,13,0.038117693037279264,up,-1.4188733916511702
Aplidin-dn,Aplidin,3,0.778208462930061,dn,-0.10890405060264209
Nicotine-up,Nicotine,4,0.9818647618653231,up,-0.007948326082993304
Nicotine-dn,Nicotine,1,0.9467673414001776,dn,-0.023756731408686536
Vitamin a-up,Vitamin,9,0.34050692431876056,up,-0.4678740521422318
Vitamin a-dn,Vitamin,2,0.9131242008390339,dn,-0.0394701468134551
Trovafloxacin-up,Trovafloxacin,16,0.027091569358784588,up,-1.5671658364537606
Trovafloxacin-dn,Trovafloxacin,1,0.9278769797614561,dn,-0.03250959980737557
Levofloxacin-up,Levofloxacin,5,0.6840286448944393,up,-0.1649257110589686
Levofloxacin-dn,Levofloxacin,2,0.9744308556098933,dn,-0.01124897244421891
Methamphetamine-up,Methamphetamine,9,0.09781588065599225,up,-1.0095906306789315
Methamphetamine-dn,Methamphetamine,5,0.674912499864386,dn,-0.17075252833830273
Grepafloxacin-up,Grepafloxacin,23,0.0001325234047354357,up,-3.8777074149360375
Grepafloxacin-dn,Grepafloxacin,1,0.9023285464737762,dn,-0.044635302878456636
Gatifloxacin-up,Gatifloxacin,5,0.5616833502743608,up,-0.25050844952805956
Gatifloxacin-dn,Gatifloxacin,2,0.9841997497088352,dn,-0.006916749747056464
Clinafloxacin-up,Clinafloxacin,8,0.6156977071975466,up,-0.2106324636787922
Clinafloxacin-dn,Clinafloxacin,1,0.966274808767013,dn,-0.01489934257188304
Colistin-up,Colistin,8,0.3392371201984581,up,-0.4694966321956323
Colistin-dn,Colistin,1,0.9925647496740886,dn,-0.0032411525659275945
Bortezomib-up,Bortezomib,11,0.04678878051781073,up,-1.3298582739206075
Bortezomib-dn,Bortezomib,1,0.9946240144577662,dn,-0.002341059259647152
Phorbol ester 12-o-tetradecanoylphorbol-13-acetate (tpa)-up,Phorbol,1,0.97096245997926,up,-0.012797560760399838
Phorbol ester 12-o-tetradecanoylphorbol-13-acetate (tpa)-dn,Phorbol,2,0.9916576095012622,dn,-0.0036382512045929237
Cocaine-up,Cocaine,10,0.08478023277939642,up,-1.0717053953324525
Cocaine-dn,Cocaine,7,0.26452972730090835,dn,-0.5775255157751202
Imiquimod-up,Imiquimod,6,0.6940302268713057,up,-0.15862161444782055
Imiquimod-dn,Imiquimod,2,0.9417189669842108,dn,-0.026078682448907212
Troglitazone-up,Troglitazone,3,0.9379449939848987,up,-0.0278226301809556
Troglitazone-dn,Troglitazone,3,0.902052806718468,dn,-0.044768037851462265
"3,3',4,4'-tetrachlorobiphenyl-up","3,3',4,4'",23,2.5390759047034887e-08,up,-7.595324315864705
"3,3',4,4'-tetrachlorobiphenyl-dn","3,3',4,4'",2,0.9708867750159704,dn,-0.012831414636739974
"Puromycin, ec50, 5 d-up","Puromycin,",4,0.19488133340539224,up,-0.7102297575333493
"Puromycin, ec50, 5 d-dn","Puromycin,",5,0.9141749097561759,dn,-0.03897070243410139
Foretinib-up,Foretinib,6,0.5214478839091591,up,-0.2827890906155838
Foretinib-dn,Foretinib,2,0.9729101276414898,dn,-0.011927275735825204
Sirolimus-up,Sirolimus,20,0.0009337815685629434,up,-3.0297547026373897
Laminin-up,Laminin,17,0.0006081111401589809,up,-3.216017040551714
Laminin-dn,Laminin,2,0.9417189669842108,dn,-0.026078682448907212
Formoterol-up,Formoterol,27,1.1585584203616169e-07,up,-6.936082062002631
Formoterol-dn,Formoterol,1,0.9651138260894758,dn,-0.015421462690091984
Neocarzinostatin-up,Neocarzinostatin,6,0.5981283370221305,up,-0.2232056218968375
Neocarzinostatin-dn,Neocarzinostatin,5,0.5719184806011841,dn,-0.2426658697176374
"Puromycin, ec50, 1 d-up","Puromycin,",12,0.0047501764234063,up,-2.3232902602090335
"Puromycin, ec50, 1 d-dn","Puromycin,",2,0.9844305003879447,dn,-0.0068149391128993365
"Puromycin, ec50, 3 d-up","Puromycin,",7,0.33001778201528736,up,-0.4814626588401207
"Puromycin, ec50, 3 d-dn","Puromycin,",1,0.9964336190071322,dn,-0.001551628081561392
Sb 216763-up,Sb,2,0.9858996234146675,up,-0.006167299273997521
Sb 216763-dn,Sb,2,0.9507250792347102,dn,-0.0219450496583695
Triiodothyronine-[13c6] hydrochloride (t3 thyronine)-up,Triiodothyronine,7,0.6984065195939226,up,-0.15589171516381373
Triiodothyronine-[13c6] hydrochloride (t3 thyronine)-dn,Triiodothyronine,3,0.6986963837146467,dn,-0.15571150454419452
R1881-up,R1881,10,0.09409035901391372,up,-1.0264548743576773
R1881-dn,R1881,1,0.9942439140761116,dn,-0.0025070587189007037
Mk-886-up,Mk,10,0.07056805626082072,up,-1.1513918446861084
1-[3-(trifluoromethyl)phenyl]piperazine-up,1,5,0.634513180959725,up,-0.19755935172748496
1-[3-(trifluoromethyl)phenyl]piperazine-dn,1,5,0.6699188404943268,dn,-0.1739778081356597
1-(4-methoxyphenyl)piperazine-up,1,10,0.08936184088232516,up,-1.0488478931959302
1-(4-methoxyphenyl)piperazine-dn,1,4,0.7567926275327634,dn,-0.12102310736397301
Hydrocortisone-up,Hydrocortisone,14,0.018883021470575377,up,-1.723928513056521
Hydrocortisone-dn,Hydrocortisone,1,0.9831704890186552,dn,-0.0073711657691836185
1-benzylpiperazine-up,1,6,0.6618036466062278,up,-0.17927084416226546
1-benzylpiperazine-dn,1,6,0.3250452068579955,dn,-0.48805623371762935
Sapphyrin pci-2050 (1.25 &icirc;&frac14;m)-up,Sapphyrin,19,0.0005637018457557621,up,-3.2489505431464076
Sapphyrin pci-2050 (1.25 &icirc;&frac14;m)-dn,Sapphyrin,1,0.9720059706366097,dn,-0.01233106737149385
Sapphyrin pci-2050 (2.5 &icirc;&frac14;m)-up,Sapphyrin,19,2.1206787008942784e-06,up,-5.673525125447933
Sapphyrin pci-2050 (2.5 &icirc;&frac14;m)-dn,Sapphyrin,4,0.8185735233819064,dn,-0.0869423066429804
Pbde 85-up,Pbde,8,0.5229367281037643,up,-0.2815508547229638
Pbde 85-dn,Pbde,3,0.7328067816834183,dn,-0.13501052018892562
Heregulin-up,Heregulin,2,0.9684159243816938,up,-0.013938077745137868
Heregulin-dn,Heregulin,4,0.8305970755678191,dn,-0.08060960232196862
L-arginine-up,L,6,0.6014589011387821,up,-0.2207940435002867
L-arginine-dn,L,2,0.9559771458412796,dn,-0.01955249010220699
Carboplatin (30 h)-up,Carboplatin,4,0.8868009267320218,up,-0.05217386170730927
Carboplatin (30 h)-dn,Carboplatin,1,0.9932880995069155,dn,-0.0029247677392215017
Carboplatin (24 h)-up,Carboplatin,3,0.8686961894529914,up,-0.06113208352116606
Carboplatin (36 h)-up,Carboplatin,4,0.8635650578555987,up,-0.06370493869481163
Carboplatin (36 h)-dn,Carboplatin,2,0.9659127995806833,dn,-0.015062078936800841
Laccaic acid-up,Laccaic,20,0.00022992239569591448,up,-3.6384187240180634
Laccaic acid-dn,Laccaic,2,0.8538628579694771,dn,-0.06861187733197119
Sunitinib-up,Sunitinib,8,0.6570536858211817,up,-0.18239914413374603
Sunitinib-dn,Sunitinib,4,0.3684355371214941,dn,-0.43363848696751284
Ursodeoxycholic acid-up,Ursodeoxycholic,17,0.0006742422953272259,up,-3.17118400759808
Ursodeoxycholic acid-dn,Ursodeoxycholic,1,0.9891835950989277,dn,-0.0047230947137825545
"1,25 dihydroxyvitamin d-up","1,25",21,3.072007507697279e-05,up,-4.5125777272643814
"1,25 dihydroxyvitamin d-dn","1,25",1,0.9813655859669236,dn,-0.008169175707781511
Hodgkin lymphoma-up,Hodgkin,12,0.021310725357551553,up,-1.6714017678634232
Hodgkin lymphoma-dn,Hodgkin,1,0.9947150705003122,dn,-0.0023013021994774665
1-piperonylpiperazine-up,1,12,0.05071366624197768,up,-1.2948749918756062
1-piperonylpiperazine-dn,1,4,0.6433661049306101,dn,-0.19154182318126453
Capsaicin-up,Capsaicin,7,0.452181702865462,up,-0.3446870149790121
Capsaicin-dn,Capsaicin,3,0.8792001685546966,dn,-0.055912237324366086
Antimony-up,Antimony,15,0.009234739493265877,up,-2.0345753512505804
Antimony-dn,Antimony,5,0.37629307582686644,dn,-0.42447377306427225
Telapristone acetate-up,Telapristone,20,1.0254185072102815e-05,up,-4.9890988484844945
Chromium-up,Chromium,10,0.1797333776213062,up,-0.7453712641781935
Chromium-dn,Chromium,2,0.9357680249947518,dn,-0.02883179864542658
"1,2,4-benzenetriol-up","1,2,4",8,0.2610819157373381,up,-0.5832232092474634
Promegestone-up,Promegestone,15,0.0026155121153872266,up,-2.5824432639242025
Promegestone-dn,Promegestone,2,0.9553510376102977,dn,-0.019837020369557243
Testosterone-up,Testosterone,7,0.2658100548311764,up,-0.5754285949692672
Testosterone-dn,Testosterone,5,0.6967663555475221,dn,-0.15691282808194332
Tibolone-up,Tibolone,4,0.8278404504363164,up,-0.08205335665949012
Creatine-up,Creatine,4,0.8739810286946343,up,-0.05849799439380823
Sulforaphane-up,Sulforaphane,22,1.2841456974272953e-06,up,-5.89138569900939
Sulforaphane-dn,Sulforaphane,1,0.9911828536993176,dn,-0.003846219352109274
Calcitonin-up,Calcitonin,7,0.7163934406136577,up,-0.14484839925842571
Y15-up,Y15,4,0.5930977808673719,up,-0.22687370091837325
Y15-dn,Y15,4,0.9078673795350387,dn,-0.04197758819997905
Temozolomide-up,Temozolomide,16,0.0004751129627084447,up,-3.3232031203786274
Temozolomide-dn,Temozolomide,3,0.8911592588102527,dn,-0.05004467638751275
