rank,compound,n_reversing_sigs,median_z_sum,best_z_sum,best_p,method
1,"2,3,7,8",3,-0.5917658397588565,-12.630160653390524,2.3433618030171937e-13,local_gmt_fallback
2,4,5,-0.014745385899760871,-11.781699339339568,1.6531058419841185e-12,local_gmt_fallback
3,Vemurafenib,1,-9.679257533432324,-9.679257533432324,2.092871030686971e-10,local_gmt_fallback
4,"3,3',4,4'",2,-3.8040778652507226,-7.595324315864705,2.5390759047034887e-08,local_gmt_fallback
5,Chlorambucil,2,-3.6680972126483713,-7.2407576354731775,5.74436945897152e-08,local_gmt_fallback
6,Formoterol,2,-3.475751762346362,-6.936082062002631,1.1585584203616169e-07,local_gmt_fallback
7,Casiigly,1,-6.92327778723654,-6.92327778723654,1.1932246395387305e-07,local_gmt_fallback
8,Bicalutamide,1,-6.515716548110959,-6.515716548110959,3.049884914947753e-07,local_gmt_fallback
9,Sangivamycin,1,-5.997730983814457,-5.997730983814457,1.0052382748819865e-06,local_gmt_fallback
10,Sulforaphane,2,-2.9476159591807494,-5.89138569900939,1.2841456974272953e-06,local_gmt_fallback
11,Sapphyrin,4,-1.667946424894694,-5.673525125447933,2.1206787008942784e-06,local_gmt_fallback
12,Arachidonic,1,-5.402471681858998,-5.402471681858998,3.958478752269614e-06,local_gmt_fallback
13,Ascorbic,2,-2.8458064515031696,-5.297254789546903,5.043653124242841e-06,local_gmt_fallback
14,Doxorubicin,2,-2.5592320383679046,-5.1152779338269685,7.668705609843875e-06,local_gmt_fallback
15,Actinomycin,2,-2.532058530231032,-5.0592294980525825,8.725101783164464e-06,local_gmt_fallback
16,Telapristone,1,-4.9890988484844945,-4.9890988484844945,1.0254185072102815e-05,local_gmt_fallback
17,Arc,2,-2.3315974321494113,-4.6432169472123395,2.2739612137438798e-05,local_gmt_fallback
18,Cetuximab,2,-2.298315414341015,-4.593755708484538,2.548263252695417e-05,local_gmt_fallback
19,Motexafin,4,-0.21352072892315724,-4.523424845374824,2.9962300449359994e-05,local_gmt_fallback
20,"1,25",2,-2.2603734514860814,-4.5125777272643814,3.072007507697279e-05,local_gmt_fallback
21,Bpde,2,-2.2604514591808442,-4.477301482434627,3.331950321488243e-05,local_gmt_fallback
22,Chlorpyrifos,2,-2.2619966217133394,-4.4145684049305345,3.8497417332416374e-05,local_gmt_fallback
23,Anastrozole,2,-2.208166065242009,-4.402295201479817,3.9600876508861016e-05,local_gmt_fallback
24,Luteolin,2,-2.1810817225160415,-4.310213539187698,4.8953805816259663e-05,local_gmt_fallback
25,Vx,1,-4.172620266061159,-4.172620266061159,6.72016186711291e-05,local_gmt_fallback
26,Cyfluthrin,2,-2.0406955314065587,-4.012779185481146,9.710035428954435e-05,local_gmt_fallback
27,Grepafloxacin,2,-1.961171358907247,-3.8777074149360375,0.0001325234047354357,local_gmt_fallback
28,Doxycycline,2,-1.9161742450809145,-3.814337986845596,0.0001533423141759707,local_gmt_fallback
29,Laccaic,2,-1.8535153006750174,-3.6384187240180634,0.00022992239569591448,local_gmt_fallback
30,Cytarabine,2,-1.7910823179218567,-3.58029100814679,0.00026285061158941867,local_gmt_fallback
31,Carboplatin,7,-0.05217386170730927,-3.4777359595090247,0.0003328618637119472,local_gmt_fallback
32,Citalopram,1,-3.4220324106279643,-3.4220324106279643,0.00037841434327110906,local_gmt_fallback
33,Sodium,6,-0.9543396735611507,-3.4220324106279643,0.00037841434327110906,local_gmt_fallback
34,Hydrogen,2,-1.714400282410454,-3.418935989997031,0.0003811219922449635,local_gmt_fallback
35,Dmnq,2,-1.6948343833985122,-3.3861380060976773,0.0004110190904920074,local_gmt_fallback
36,Temozolomide,2,-1.6866238983830701,-3.3232031203786274,0.0004751129627084447,local_gmt_fallback
37,Plx4720,2,-1.6609245983544367,-3.3067871177720725,0.0004934156068748134,local_gmt_fallback
38,Torcetrapib,2,-1.7011885241034126,-3.2351751779619504,0.0005818684667054234,local_gmt_fallback
39,Nickel,4,-0.09109816201564558,-3.231107119028612,0.000587344465751334,local_gmt_fallback
40,Trastuzumab,2,-1.6176484819048476,-3.231107119028612,0.000587344465751334,local_gmt_fallback
41,Laminin,2,-1.6210478615003105,-3.216017040551714,0.0006081111401589809,local_gmt_fallback
42,Ursodeoxycholic,2,-1.5879535511559313,-3.17118400759808,0.0006742422953272259,local_gmt_fallback
43,Sirolimus,1,-3.0297547026373897,-3.0297547026373897,0.0009337815685629434,local_gmt_fallback
44,Dactinomycin,2,-1.5353678795240688,-2.9559486155730226,0.0011067547241472178,local_gmt_fallback
45,Curcumin,2,-1.4605229370477706,-2.921015802596023,0.0011994556579757653,local_gmt_fallback
46,Bexarotene,2,-1.3517901280448237,-2.6755628231300075,0.0021107518416437826,local_gmt_fallback
47,Perfluorooctanoic,2,-1.303673787249061,-2.601385513164088,0.0025038856249052148,local_gmt_fallback
48,Promegestone,2,-1.3011401421468798,-2.5824432639242025,0.0026155121153872266,local_gmt_fallback
49,"2,3",2,-1.3244044979258918,-2.5824432639242025,0.0026155121153872266,local_gmt_fallback
50,Azacitidine,2,-1.2279384040534467,-2.452030588754784,0.0035315829484333676,local_gmt_fallback
51,Argyrin,2,-1.2323536034102063,-2.4252370600069573,0.003756323091070804,local_gmt_fallback
52,Pertuzumab,2,-1.1773517894807708,-2.3282479468513926,0.004696259138263709,local_gmt_fallback
53,"Puromycin,",9,-0.4814626588401207,-2.3232902602090335,0.0047501764234063,local_gmt_fallback
54,Alfacalcidol,1,-2.245321871536532,-2.245321871536532,0.005684314893078726,local_gmt_fallback
55,Sorafenib,1,-2.2107230756878464,-2.2107230756878464,0.006155692602820897,local_gmt_fallback
56,Dasatinib,2,-1.13477487974542,-2.2071156122042592,0.00620703776582845,local_gmt_fallback
57,Decitabine,2,-1.134334511613234,-2.159814503839198,0.006921265293589002,local_gmt_fallback
58,Menadione,1,-2.1511260574492574,-2.1511260574492574,0.007061125696904551,local_gmt_fallback
59,Fluorouracil,2,-1.7347813998255193,-2.1240497269313905,0.007515368377546745,local_gmt_fallback
60,Monuron,2,-1.0671926659897482,-2.112440282321127,0.00771897648102755,local_gmt_fallback
61,Lmp,1,-2.1026015605928614,-2.1026015605928614,0.007895841820414876,local_gmt_fallback
62,Cadmium,4,-0.19234435305181316,-2.049590510423354,0.008920916812130825,local_gmt_fallback
63,Antimony,2,-1.2295245621574264,-2.0345753512505804,0.009234739493265877,local_gmt_fallback
64,Lapatinib,2,-0.9535967798633416,-1.8892664661913896,0.012904272747160907,local_gmt_fallback
65,Gamma,2,-0.9123887179988809,-1.8229669437812315,0.015032563817291613,local_gmt_fallback
66,Hydrocortisone,2,-0.8656498394128522,-1.723928513056521,0.018883021470575377,local_gmt_fallback
67,Hodgkin,2,-0.8368515350314504,-1.6714017678634232,0.021310725357551553,local_gmt_fallback
68,Trovafloxacin,2,-0.7998377181305681,-1.5671658364537606,0.027091569358784588,local_gmt_fallback
69,Cigarette,2,-0.8110191915333653,-1.5543188412120583,0.027904944223739188,local_gmt_fallback
70,Pimecrolimus,1,-1.549414298108696,-1.549414298108696,0.02822186446839392,local_gmt_fallback
71,Olanzapine,2,-0.7603839614238667,-1.489740472562957,0.03237870891142551,local_gmt_fallback
72,Aldosterone,2,-0.7559376774048693,-1.469278007546671,0.033940793578578786,local_gmt_fallback
73,"2,2',4,4',5,5'",2,-0.7355758176217972,-1.469278007546671,0.033940793578578786,local_gmt_fallback
74,Aplidin,2,-0.7638887211269062,-1.4188733916511702,0.038117693037279264,local_gmt_fallback
75,Bortezomib,2,-0.6660996665901273,-1.3298582739206075,0.04678878051781073,local_gmt_fallback
76,Cobalt,2,-0.659878077277034,-1.3035591499972556,0.049709666559158414,local_gmt_fallback
77,Valproic,2,-0.6943170381813955,-1.3030061909080155,0.049772998974131635,local_gmt_fallback
78,N,4,-0.6999811024614615,-1.2949047251912982,0.05071019432627362,local_gmt_fallback
79,1,10,-0.19455058745437476,-1.2948749918756062,0.05071366624197768,local_gmt_fallback
80,Cediranib,2,-0.6572051627154843,-1.2867915934058407,0.051666424348742156,local_gmt_fallback
81,Permethrin,2,-0.6462306838816448,-1.2834073638143026,0.05207060649665358,local_gmt_fallback
82,Estradiol,1,-1.2787556847398216,-1.2787556847398216,0.05263132641656025,local_gmt_fallback
83,Letrozole,2,-0.6601431921679773,-1.260835977881857,0.054848407446764176,local_gmt_fallback
84,Cycloheximide,2,-0.6036302173211511,-1.2009421081921352,0.06295901021367918,local_gmt_fallback
85,Mercury,2,-0.616405389042732,-1.2009421081921352,0.06295901021367918,local_gmt_fallback
86,Insulin,4,-0.027353728573617293,-1.1914764061370229,0.06434630213792823,local_gmt_fallback
87,Acrylamide,1,-1.1523524408064807,-1.1523524408064807,0.07041214249446505,local_gmt_fallback
88,Mk,1,-1.1513918446861084,-1.1513918446861084,0.07056805626082072,local_gmt_fallback
89,Fenretinide,2,-0.5517817591807871,-1.091089779070829,0.08107934301074723,local_gmt_fallback
90,Cocaine,2,-0.8246154555537863,-1.0717053953324525,0.08478023277939642,local_gmt_fallback
91,Diethylstilbestrol,2,-0.5178813925611093,-1.0311198361449478,0.09308509875955652,local_gmt_fallback
92,R1881,2,-0.514480966538289,-1.0264548743576773,0.09409035901391372,local_gmt_fallback
93,Methamphetamine,2,-0.5901715795086171,-1.0095906306789315,0.09781588065599225,local_gmt_fallback
94,Interferon,4,-0.04043820144474368,-0.9940683794877245,0.10137517583725714,local_gmt_fallback
95,Dexamethasone,2,-0.5072704556477057,-0.9787771718108486,0.10500810669618783,local_gmt_fallback
96,Gefitinib,2,-0.49183570397418486,-0.9783027348877656,0.10512288352928902,local_gmt_fallback
97,Glipizide,2,-0.7828747385776177,-0.9702459331234793,0.1070912694974836,local_gmt_fallback
98,Pbde,4,-0.20828068745594472,-0.9277985117792811,0.11808683651093155,local_gmt_fallback
99,Caerulein,2,-0.5124328924848114,-0.9270224620988391,0.11829803693406503,local_gmt_fallback
100,Phorbol,4,-0.00821790598249638,-0.9127244159532786,0.1222575206162844,local_gmt_fallback
101,Heroin,2,-0.8237195333818219,-0.8916716275897939,0.12833005263992062,local_gmt_fallback
102,Colchicine,2,-0.4456480981629464,-0.8815969842781455,0.1313418156819204,local_gmt_fallback
103,Calcitriol,2,-0.6403580252878335,-0.852435646569072,0.14046378063355305,local_gmt_fallback
104,Azathioprine,1,-0.850375446038664,-0.850375446038664,0.14113169386081242,local_gmt_fallback
105,Cyclophosphamide,2,-0.6369595497189218,-0.8180364693569647,0.15204198489428392,local_gmt_fallback
106,Amoxicillin,1,-0.8080232189298155,-0.8080232189298155,0.15558824463642842,local_gmt_fallback
107,Haloperidol,2,-0.7680839159303006,-0.7987168724480124,0.15895827000274132,local_gmt_fallback
108,Nvp,3,-0.06647761282784319,-0.7852257304461783,0.16397372759855428,local_gmt_fallback
109,Chromium,2,-0.3871015314118101,-0.7453712641781935,0.1797333776213062,local_gmt_fallback
110,Chromium(iii),2,-0.4606767728314287,-0.7407549064587022,0.1816540535905761,local_gmt_fallback
111,Cyclosporine,2,-0.39960541125435983,-0.7390275383710031,0.1823780053776515,local_gmt_fallback
112,Fluoxetine,2,-0.5900836639254754,-0.7268509411396127,0.1875638155463788,local_gmt_fallback
113,Tamoxifen,2,-0.3485129247799466,-0.6474825298883669,0.22517359941975254,local_gmt_fallback
114,Resveratrol,2,-0.43566745033928567,-0.6237322574352783,0.23783060605309952,local_gmt_fallback
115,Methylprednisolone,2,-0.32098979413882933,-0.6159009058287515,0.24215815226470713,local_gmt_fallback
116,Oprelvekin,1,-0.6098606431879461,-0.6098606431879461,0.2455496711322957,local_gmt_fallback
117,Imatinib,3,-0.034877408222031864,-0.6061392730659028,0.24766277052733637,local_gmt_fallback
118,"1,2,4",1,-0.5832232092474634,-0.5832232092474634,0.2610819157373381,local_gmt_fallback
119,Testosterone,2,-0.36617071152560526,-0.5754285949692672,0.2658100548311764,local_gmt_fallback
120,Rosiglitazone,3,-0.3361722322603119,-0.5613290690559203,0.27458128362064743,local_gmt_fallback
121,Simvastatin,2,-0.28001748880979815,-0.5403596121146974,0.2881644405346143,local_gmt_fallback
122,Arsenic,1,-0.5348925728437279,-0.5348925728437279,0.29181487585010124,local_gmt_fallback
123,Captopril,2,-0.4789279763050118,-0.5202104550325293,0.3018488634650949,local_gmt_fallback
124,Natural,2,-0.26275929987906543,-0.5078492679354182,0.31056372852046327,local_gmt_fallback
125,Hydroxyzine,1,-0.4824372314345133,-0.4824372314345133,0.3292780404375089,local_gmt_fallback
126,Colistin,2,-0.23636889238077996,-0.4694966321956323,0.3392371201984581,local_gmt_fallback
127,Vitamin,6,-0.1841272145631714,-0.4678740521422318,0.34050692431876056,local_gmt_fallback
128,Fluticasone,1,-0.45693981026063357,-0.45693981026063357,0.34918870688526094,local_gmt_fallback
129,Levetiracetam,2,-0.25588584591595076,-0.4563153982776213,0.349691118129745,local_gmt_fallback
130,Ethanol,2,-0.2212688852745633,-0.4399024875006141,0.36315958613898414,local_gmt_fallback
131,Tretinoin,1,-0.43599443804642996,-0.43599443804642996,0.3664422675967709,local_gmt_fallback
132,Sunitinib,2,-0.30801881555062943,-0.43363848696751284,0.3684355371214941,local_gmt_fallback
133,Nsc319726,2,-0.21851530202487646,-0.4305124031218578,0.37109713108825787,local_gmt_fallback
134,Mln4924,2,-0.21586139867408471,-0.41242387004356423,0.3868798670674686,local_gmt_fallback
135,Nitric,2,-0.20092812380711608,-0.3970516231055612,0.4008190707980676,local_gmt_fallback
136,Fasudil,2,-0.19248123674524495,-0.38393463395215577,0.41310967481493144,local_gmt_fallback
137,Soman,2,-0.251808596706571,-0.3711852738649005,0.42541688781155457,local_gmt_fallback
138,Nilotinib,2,-0.18441456082048427,-0.36827565697099296,0.42827659683129,local_gmt_fallback
139,Palmitic,2,-0.18045306907492034,-0.35826691757897877,0.43826125942282096,local_gmt_fallback
140,Fgfr,2,-0.2819296365072161,-0.3556883448070378,0.44087112469117773,local_gmt_fallback
141,Capsaicin,2,-0.2002996261516891,-0.3446870149790121,0.452181702865462,local_gmt_fallback
142,Ciprofloxacin,2,-0.17475321790160298,-0.3315793422679124,0.4660372787908453,local_gmt_fallback
143,Deferasirox,2,-0.18319005484201806,-0.3315027014620043,0.46611952856805894,local_gmt_fallback
144,Hypochlorous,2,-0.16467815706255315,-0.3280266407450013,0.4698652849712502,local_gmt_fallback
145,Dapt,2,-0.2412197768602075,-0.3273308369768087,0.4706186817737371,local_gmt_fallback
146,Harman,2,-0.16119947141733426,-0.31892810117867054,0.47981287659687805,local_gmt_fallback
147,Diclofenac,2,-0.15961270724737553,-0.31780129627024983,0.4810593982929224,local_gmt_fallback
148,Folic,2,-0.1748886469500094,-0.3144593717087208,0.48477546129498783,local_gmt_fallback
149,Clozapine,2,-0.176267906285013,-0.312908962675052,0.4865091776348116,local_gmt_fallback
150,Plx4032,2,-0.16156099563264734,-0.3104345151114535,0.48928903678902363,local_gmt_fallback
151,Apratoxin,1,-0.30733844853169984,-0.30733844853169984,0.49278962010020394,local_gmt_fallback
152,Pristane,2,-0.15556178205668728,-0.30731183620006497,0.49281981777287526,local_gmt_fallback
153,Ribavirin,2,-0.1486733286979733,-0.29181243580875876,0.5107255257737267,local_gmt_fallback
154,Celecoxib,2,-0.22490452868119976,-0.2891984634869898,0.5138087980599693,local_gmt_fallback
155,Foretinib,2,-0.1473581831757045,-0.2827890906155838,0.5214478839091591,local_gmt_fallback
156,Mek,2,-0.15817088110137079,-0.2639077495754802,0.5446183253600347,local_gmt_fallback
157,Halothane,2,-0.1446153866344804,-0.26200519103959546,0.5470094245549628,local_gmt_fallback
158,Metformin,2,-0.224496190564198,-0.25941737655105207,0.5502785996928565,local_gmt_fallback
159,Phenytoin,2,-0.15342349274142145,-0.2568166684367538,0.5535837478179556,local_gmt_fallback
160,Corticosterone,2,-0.22419989021313524,-0.2527168099603999,0.558834474684599,local_gmt_fallback
161,Gatifloxacin,2,-0.12871259963755802,-0.25050844952805956,0.5616833502743608,local_gmt_fallback
162,Neocarzinostatin,2,-0.23293574580723747,-0.2426658697176374,0.5719184806011841,local_gmt_fallback
163,Adenosine,2,-0.15583711522108376,-0.2361461610584302,0.5805689951451865,local_gmt_fallback
164,Medroxyprogesterone,2,-0.17923279192990638,-0.2304823247136507,0.5881900523151251,local_gmt_fallback
165,Y15,2,-0.13442564455917616,-0.22687370091837325,0.5930977808673719,local_gmt_fallback
166,Deltamethrin,2,-0.1761676789913535,-0.22441672446776537,0.5964626799914625,local_gmt_fallback
167,L,2,-0.12017326680124685,-0.2207940435002867,0.6014589011387821,local_gmt_fallback
168,Methylphenidate,2,-0.10643055263442326,-0.21231708870069085,0.613314046521746,local_gmt_fallback
169,Isoflurane,2,-0.11415103181024497,-0.2113845127085959,0.6146324526175662,local_gmt_fallback
170,Clinafloxacin,2,-0.11276590312533763,-0.2106324636787922,0.6156977071975466,local_gmt_fallback
171,D,2,-0.15337448872827006,-0.20675056380434828,0.6212257315833764,local_gmt_fallback
172,Coenzyme,2,-0.13958009526142046,-0.1874528568808588,0.6494521264559425,local_gmt_fallback
173,Irinotecan,2,-0.09677907776098837,-0.18384459101539052,0.6548704725727846,local_gmt_fallback
174,Isotretinoin,2,-0.09292187766400951,-0.1837665127566507,0.6549882169716441,local_gmt_fallback
175,Bleomycin,2,-0.148982614379421,-0.17947384342236247,0.6614943765994683,local_gmt_fallback
176,3h,2,-0.13865858314657312,-0.17947384342236247,0.6614943765994683,local_gmt_fallback
177,Nicotinamide,2,-0.13468331238738798,-0.17892185274528144,0.6623356741269719,local_gmt_fallback
178,Mehp,2,-0.10511616763200574,-0.17309871249468398,0.671276258573349,local_gmt_fallback
179,Ubiquinol,2,-0.08435718855041426,-0.1669346525919087,0.6808718003825447,local_gmt_fallback
180,Levofloxacin,2,-0.08808734175159376,-0.1649257110589686,0.6840286448944393,local_gmt_fallback
181,Formaldehyde,1,-0.16097499208655294,-0.16097499208655294,0.6902795509588053,local_gmt_fallback
182,Abiraterone,2,-0.08804440172346996,-0.15989533095036645,0.6919977287758597,local_gmt_fallback
183,Imiquimod,2,-0.09235014844836388,-0.15862161444782055,0.6940302268713057,local_gmt_fallback
184,Triiodothyronine,2,-0.15580160985400412,-0.15589171516381373,0.6984065195939226,local_gmt_fallback
185,Thapsigargin,2,-0.08280841706871629,-0.15333561380815527,0.7025292099913861,local_gmt_fallback
186,Bisphenol,1,-0.14600792060592932,-0.14600792060592932,0.7144832953038442,local_gmt_fallback
187,Calcitonin,1,-0.14484839925842571,-0.14484839925842571,0.7163934406136577,local_gmt_fallback
188,Phenobarbital,2,-0.13336396846764725,-0.144149501644184,0.7175472401047813,local_gmt_fallback
189,Vancomycin,1,-0.1407696563761274,-0.1407696563761274,0.7231532521175971,local_gmt_fallback
190,Atorvastatin,2,-0.07065833590574798,-0.1390544530807755,0.7260149219065792,local_gmt_fallback
191,Acetaminophen,2,-0.06960854788484698,-0.13828990979691164,0.727294143085252,local_gmt_fallback
192,Epz004777,2,-0.07162245358035689,-0.13642996804781443,0.730415586198795,local_gmt_fallback
193,Etanercept,2,-0.08367194194078935,-0.13547521398824994,0.7320230999576723,local_gmt_fallback
194,Alitretinoin,2,-0.09152473498589023,-0.12916252636718328,0.7427411292804589,local_gmt_fallback
195,Zinc,2,-0.0666044050140393,-0.11953466405828075,0.7593908079953731,local_gmt_fallback
196,Lysophosphatidic,2,-0.06695039442212088,-0.11698323793234773,0.7638652652190611,local_gmt_fallback
197,Pioglitazone,2,-0.09171189016464763,-0.11600960353980991,0.7655796774854688,local_gmt_fallback
198,Quercetin,2,-0.059388160664635516,-0.1118326104872223,0.7729784556896605,local_gmt_fallback
199,Ethinyl,2,-0.0702261042086626,-0.11121765478613066,0.7740737590610257,local_gmt_fallback
200,Aminolevulinic,2,-0.0673150401109339,-0.10770313699021289,0.7803633474477983,local_gmt_fallback
201,Rituximab,1,-0.09775927491633099,-0.09775927491633099,0.7984371303440929,local_gmt_fallback
202,Leptin,2,-0.06614675877821324,-0.09429840458250438,0.8048252541766847,local_gmt_fallback
203,Pyrazinamide,1,-0.0870664017392173,-0.0870664017392173,0.8183396579911908,local_gmt_fallback
204,Tibolone,1,-0.08205335665949012,-0.08205335665949012,0.8278404504363164,local_gmt_fallback
205,Pd173074,2,-0.06398005488601372,-0.0809160500925807,0.8300111946709106,local_gmt_fallback
206,Heregulin,2,-0.04727384003355324,-0.08060960232196862,0.8305970755678191,local_gmt_fallback
207,Methoxychlor,2,-0.058831260687243495,-0.07233554007220191,0.8465730909345928,local_gmt_fallback
208,Metoprolol,1,-0.07230869174921996,-0.07230869174921996,0.8466254281649666,local_gmt_fallback
209,Trichloroethylene,2,-0.03399701740748576,-0.0658196633100175,0.8593702928410434,local_gmt_fallback
210,Cisplatin,2,-0.03827260251530136,-0.06501962710538921,0.8609548421040707,local_gmt_fallback
211,Propofol,2,-0.06261849304631756,-0.06410490257146904,0.862770122976956,local_gmt_fallback
212,Genistein,2,-0.031013975025665934,-0.06113208352116606,0.8686961894529914,local_gmt_fallback
213,Creatine,1,-0.05849799439380823,-0.05849799439380823,0.8739810286946343,local_gmt_fallback
214,Streptozocin,2,-0.042525592015550555,-0.05830040215270973,0.8743787568914183,local_gmt_fallback
215,Phosgene,2,-0.02728104267108878,-0.051430019700291305,0.888321104937098,local_gmt_fallback
216,Concanavalin,1,-0.04968241346577335,-0.04968241346577335,0.8919029215835265,local_gmt_fallback
217,Mepenzolate,4,-0.022390994016437973,-0.0464649158628424,0.8985351770943393,local_gmt_fallback
218,Troglitazone,2,-0.036295334016208936,-0.044768037851462265,0.902052806718468,local_gmt_fallback
219,Sevoflurane,2,-0.020407668288896067,-0.039528638257709296,0.9130012281580298,local_gmt_fallback
220,Angiotensin,2,-0.020121497572486016,-0.0342582815017173,0.9241484054323028,local_gmt_fallback
221,Progesterone,2,-0.017854179734111075,-0.03160516928967351,0.9298113232269942,local_gmt_fallback
222,Androstanolone,2,-0.012544093767559583,-0.024395958340036078,0.9453748438267786,local_gmt_fallback
223,Nicotine,2,-0.01585252874583992,-0.023756731408686536,0.9467673414001776,local_gmt_fallback
224,Sb,2,-0.01405617446618351,-0.0219450496583695,0.9507250792347102,local_gmt_fallback
225,Mycophenolic,2,-0.019287985116026248,-0.021631032802121558,0.9514127500896039,local_gmt_fallback
226,Phenol,2,-0.010149572921146448,-0.01951836638277327,0.9560522625624982,local_gmt_fallback
227,Lubiprostone,2,-0.014783987136333217,-0.01935907295707304,0.9564029941036662,local_gmt_fallback
228,Lipopolysaccharide,1,-0.0182119136585222,-0.0182119136585222,0.9589326069108629,local_gmt_fallback
229,Carbidopa,2,-0.009858478798876616,-0.014571885952041458,0.9670036515525147,local_gmt_fallback
230,Morphine,2,-0.007486195661964979,-0.012516759144432123,0.9715904578034814,local_gmt_fallback
231,Mesalazine,1,-0.005900133482008823,-0.005900133482008823,0.9865063078167038,local_gmt_fallback
232,Methotrexate,2,-0.0037897938602772458,-0.003912613391780122,0.9910313353025518,local_gmt_fallback
233,Trichostatin,1,-0.00198741625283766,-0.00198741625283766,0.9954342597892968,local_gmt_fallback
234,Vanadium,1,-0.001583070368164593,-0.001583070368164593,0.9963614812788532,local_gmt_fallback
235,Cholestyramine,1,-0.001070256669836116,-0.001070256669836116,0.9975386769813749,local_gmt_fallback
236,Orotic,1,-0.0010412048564021922,-0.0010412048564021922,0.9976054088374641,local_gmt_fallback
237,Paclitaxel,1,-0.000822101446584055,-0.000822101446584055,0.9981088319802068,local_gmt_fallback
