ID,Description,setSize,enrichmentScore,NES,pvalue,p.adjust,qvalue,rank,leading_edge,core_enrichment
HALLMARK_OXIDATIVE_PHOSPHORYLATION,HALLMARK_OXIDATIVE_PHOSPHORYLATION,177,-0.569118237892438,-2.1264731093138294,1e-10,5e-9,3.5789473684210532e-9,1783,"tags=44%, list=12%, signal=39%",FH/ATP6V0E1/FDX1/COX6A1/ECH1/GPX4/SUCLG1/ATP6V0C/NDUFS2/TIMM8B/NDUFB4/NDUFV1/COX8A/NDUFA3/MRPL15/SURF1/TIMM10/MRPL34/HADHB/NDUFA2/NDUFS4/SDHC/MTRR/COX4I1/NDUFB8/OAT/SLC25A20/HSD17B10/HTRA2/UQCRB/MRPS22/UQCRFS1/NDUFA4/BCKDHA/NDUFB6/FXN/ACAA1/NDUFC1/NDUFS3/TIMM50/POLR2F/MRPL11/NDUFS8/MPC1/NDUFB1/COX7A2/CYC1/ECI1/NDUFA5/COX7B/NDUFA7/UQCR11/ATP6V1F/CYCS/TOMM22/COX17/NDUFB5/ATP6V0B/MRPS30/NDUFA6/UQCR10/NDUFS6/COX5A/NDUFS7/COX6B1/MRPS11/TIMM13/SDHD/BAX/NDUFB2/UQCRQ/NDUFB7/NDUFB3/NDUFC2/GRPEL1/NDUFAB1/NDUFA1
HALLMARK_MYC_TARGETS_V1,HALLMARK_MYC_TARGETS_V1,165,-0.5221047575149984,-1.9363577758401227,1.4370018336141027e-7,3.592504584035257e-6,2.5714769654147108e-6,3771,"tags=58%, list=24%, signal=44%",SET/POLE3/POLD2/CDC20/DEK/NCBP1/HPRT1/SSB/DHX15/SYNCRIP/BUB3/CANX/HSP90AB1/TUFM/SRPK1/LDHA/PSMB2/IMPDH2/ILF2/RSL1D1/PSMC4/YWHAQ/PSMD7/PPIA/HNRNPU/TXNL4A/NOP56/MRPL9/PRPF31/NPM1/TFDP1/XPO1/NOP16/PSMC6/SF3A1/SRM/CLNS1A/VDAC3/PA2G4/CCT7/SRSF1/CDK2/RUVBL2/IFRD1/MCM7/MCM2/PRDX4/PCBP1/UBE2E1/RANBP1/CCT5/GLO1/HNRNPC/RFC4/UBA2/CCT3/NCBP2/RRP9/SSBP1/SNRPA1/MAD2L1/PSMA6/FBL/CCT4/MRPS18B/CDC45/VBP1/EXOSC7/PSMA1/CNBP/PTGES3/RPLP0/CYC1/ERH/PSMA2/NME1/RAN/SNRPD1/PSMD14/TRA2B/SRSF3/COX5A/LSM2/SNRPD2/NHP2/GNL3/PSMA7/AIMP2/DUT/CDK4/HSPE1/PSMB3/SRSF7/HNRNPA2B1/LSM7/NDUFAB1
HALLMARK_MITOTIC_SPINDLE,HALLMARK_MITOTIC_SPINDLE,192,0.4873449927734408,1.881277826579791,2.1759828333147137e-7,3.6266380555245233e-6,2.5959093450070273e-6,2663,"tags=31%, list=17%, signal=26%",ARHGEF11/CDC27/CLASP1/RHOF/NF1/KIF3C/CDC42BPA/ARL8A/NEDD9/PALLD/MARK4/HDAC6/RICTOR/NET1/ABI1/TUBGCP2/SPTBN1/PAFAH1B1/CAPZB/CNTRL/VCL/CKAP5/STK38L/TIAM1/ABR/AKAP13/TUBGCP6/RFC1/ARHGEF12/CTTN/NOTCH2/PDLIM5/ABL1/KIF3B/ARHGDIA/HOOK3/ITSN1/SORBS2/RASAL2/ALS2/LATS1/DOCK2/RALBP1/ARHGEF2/CLIP2/APC/FLNB/BCL2L11/STAU1/SMC3/SSH2/RAB3GAP1/KIF1B/ALMS1/ACTN4/ARFIP2/CYTH2/NEK2/BRCA2/KIFAP3
HALLMARK_DNA_REPAIR,HALLMARK_DNA_REPAIR,141,-0.5048175390605663,-1.8451070234495477,2.186437710527663e-6,2.733047138159579e-5,1.9562863725773832e-5,2362,"tags=40%, list=15%, signal=35%",GTF2F1/VPS37B/GTF2H3/TAF12/SAC3D1/POLD1/BCAP31/ITPA/POLR3GL/TAF1C/UMPS/DGUOK/SMAD5/GPX4/POLB/CSTF3/RFC3/RFC4/PRIM1/ERCC8/RAD52/APRT/POLR2G/MRPL40/NCBP2/GTF2A2/POLD4/SURF1/RFC2/POLH/POLE4/TARBP2/POLR2H/POLR2C/ZNF707/POLR2E/POLR2F/TMED2/SNAPC5/CLP1/TAF9/MPC2/EDF1/NME1/COX17/POLR2D/POLA1/ADRM1/RPA3/TAF13/POLR2K/DUT/POLR1C/POLR1D/SUPT4H1/POLR2J/POLR2I
HALLMARK_MYC_TARGETS_V2,HALLMARK_MYC_TARGETS_V2,55,-0.5628251644696789,-1.7918566506815716,2.9850427033079415e-4,0.002797219555172289,0.0020022203131759542,2657,"tags=42%, list=17%, signal=35%",EXOSC5/NOP16/SRM/SLC19A1/TMEM97/PA2G4/HK2/MPHOSPH10/IMP4/RABEPK/RRP9/PRMT3/DCTPP1/NIP7/RCL1/TBRG4/NDUFAF4/FARSA/MRTO4/GNL3/AIMP2/CDK4/HSPE1
HALLMARK_E2F_TARGETS,HALLMARK_E2F_TARGETS,191,-0.417675897616634,-1.5725797497575515,3.3566634662067463e-4,0.002797219555172289,0.0020022203131759542,3743,"tags=39%, list=24%, signal=30%",ESPL1/KIF4A/POLD2/CHEK2/RNASEH2A/CDC20/DEK/SYNCRIP/LMNB1/CHEK1/DONSON/ORC6/RAD1/DNMT1/NUP107/LBR/NOP56/RPA2/CTCF/CSE1L/TACC3/XPO1/BRCA1/LYAR/PSIP1/HMGB2/ZW10/NASP/PA2G4/PAN2/CKS2/SRSF1/MCM7/LUC7L3/POLD1/SPC24/MCM3/MCM2/PRDX4/SPAG5/EXOSC8/RANBP1/RFC3/SHMT1/RAD51C/PPP1R8/ASF1A/PHF5A/EZH2/MAD2L1/RFC2/DCTPP1/TMPO/MTHFD2/POLE4/PNN/STAG1/TBRG4/PRIM2/POP7/KIF22/CDKN1B/DDX39A/CCNB2/NME1/RAN/SNRPB/PSMC3IP/TRA2B/NAA38/RPA3/DUT/CDK4/EED/AK2
HALLMARK_UNFOLDED_PROTEIN_RESPONSE,HALLMARK_UNFOLDED_PROTEIN_RESPONSE,94,-0.4778142173532863,-1.652850985498195,4.489919086211397e-4,0.0032070850615795693,0.002295597728288534,2877,"tags=39%, list=19%, signal=32%",NOP56/PDIA5/NPM1/HSP90B1/CALR/ATF3/EXOSC5/SLC30A5/SPCS3/CCL2/ASNS/CEBPG/SRPRB/YIF1A/CNOT6/SLC7A5/BAG3/DKC1/HSPA5/CXXC1/XBP1/RRP9/STC2/MTHFD2/SEC11A/HERPUD1/PAIP1/DNAJB9/EXOSC4/IMP3/ATF4/SERP1/BANF1/NHP2/LSM4/SPCS1/LSM1
HALLMARK_APICAL_JUNCTION,HALLMARK_APICAL_JUNCTION,180,0.3982864558362428,1.5265158537198433,0.0010534762548812685,0.006584226593007928,0.004712920087626728,3625,"tags=36%, list=23%, signal=28%",RSU1/EGFR/PLCG1/RHOF/SLIT2/NF1/AMIGO2/TRO/PARVA/NLGN3/VCL/CTNNA1/TMEM8B/IKBKG/FBN1/EVL/PTEN/ADRA1B/LAMA3/ADAM15/SYMPK/SRC/ACTA1/PCDH1/NRAP/THY1/CNTN1/NF2/SDC3/ARPC2/SLC30A3/LAYN/TJP1/KCNH2/LAMC2/SORBS3/ITGA3/ACTN4/NLGN2/PTPRC/B4GALT1/PARD6G/CRAT/NEGR1/ARHGEF6/EXOC4/CTNND1/PPP2R2C/SIRPA/SYK/PBX2/NEXN/TGFBI/CADM3/PIK3CB/GNAI2/ADAM23/ALOX15B/MYH10/INSIG1/SHROOM2/ZYX/YWHAH/IRS1/CDH3
HALLMARK_MYOGENESIS,HALLMARK_MYOGENESIS,186,0.38043367318861254,1.464585762039405,0.0027177356473841625,0.015098531374356457,0.01080736982585515,3520,"tags=35%, list=23%, signal=27%",AGL/MEF2A/BHLHE40/GNAO1/LDB3/PRNP/ACSL1/SLC6A8/LAMA2/ABLIM1/MYOM1/COL4A2/TSC2/CDH13/DMD/ACTA1/LPIN1/MYH7/DES/PYGM/SCD/MYOM2/MYL1/ATP2A1/RB1/MYH1/MYH2/CKMT2/FDPS/CKM/ENO3/MYH4/TNNC1/MYH11/TNNC2/FKBP1B/PDE4DIP/MB/MYOZ1/MEF2D/REEP1/KCNH2/SORBS3/APOD/TPM3/SPARC/TNNT3/CRAT/FGF2/CASQ1/AK1/SSPN/CD36/TNNI2/MRAS/NOS1/VIPR1/MAPRE3/ACHE/CDKN1A/TGFB1/SORBS1/MYLK/FHL1/RYR1
HALLMARK_BILE_ACID_METABOLISM,HALLMARK_BILE_ACID_METABOLISM,103,0.4386006715639549,1.5594939771662024,0.0036208575239871604,0.0181042876199358,0.012958858506901417,3111,"tags=29%, list=20%, signal=23%",LONP2/ABCD3/PHYH/NR3C2/SLC23A2/IDH1/ACSL1/PAOX/AR/ABCA6/ABCA3/ABCD2/ABCA5/EFHC1/DHCR24/CAT/ABCG4/ABCA1/ACSL5/FADS1/PXMP2/NUDT12/BBOX1/ALDH9A1/ABCD1/HSD17B4/BMP6/CYP7B1/PEX19/AMACR
HALLMARK_ANDROGEN_RESPONSE,HALLMARK_ANDROGEN_RESPONSE,93,0.41873897265590915,1.4691075627076624,0.011353399706388073,0.05160636230176397,0.03693929091073632,3129,"tags=39%, list=20%, signal=31%",APPBP2/RAB4A/ACSL3/HERC3/BMPR1B/ABHD2/XRCC5/SEC24D/PTK2B/HOMER2/HMGCS1/AKAP12/IQGAP2/PIAS1/PDLIM5/FKBP5/DHCR24/ALDH1A3/PGM3/SCD/CCND1/NKX3-1/GPD1L/RRP12/UBE2J1/ARID5B/FADS1/MAP7/AZGP1/B4GALT1/AKT1/TMEM50A/UBE2I/ITGAV/SRF/SORD
HALLMARK_ESTROGEN_RESPONSE_EARLY,HALLMARK_ESTROGEN_RESPONSE_EARLY,184,0.3548822590995344,1.3639982459024214,0.015985172942774777,0.06660488726156158,0.04767507719774934,2618,"tags=24%, list=17%, signal=21%",SLC24A3/ABHD2/BHLHE40/AR/GAB2/ABLIM1/RAPGEFL1/RASGRP1/MYOF/DHCR7/TTC39A/PAPSS2/TIAM1/NRIP1/AFF1/CYP26B1/SEC14L2/DEPTOR/ABAT/TMEM164/ABCA3/OLFML3/CA12/FKBP5/INHBB/SLC1A1/IGF1R/CELSR2/FASN/ELF1/CCND1/MAST4/RRP12/THSD4/FDFT1/MPPED2/WWC1/REEP1/FLNB/RHOBTB3/PRSS23/UGCG/B4GALT1/MREG/SH3BP5
HALLMARK_KRAS_SIGNALING_DN,HALLMARK_KRAS_SIGNALING_DN,168,0.36213644089448327,1.3782832381154224,0.018278621580571044,0.07030239069450402,0.05032171123396078,3950,"tags=27%, list=26%, signal=20%",TGFB2/ASB7/CAMK1D/BMPR1B/MFSD6/IDUA/KLHDC8A/SNN/PTPRJ/SPHK2/MYH7/TENM2/ABCG4/NRIP2/CELSR2/SLC29A3/ITIH3/KCNN1/THNSL2/PDK2/CKM/MYOT/SLC30A3/YBX2/SKIL/BTG2/ZC2HC1C/PLAG1/GPRC5C/FGFR3/SPTBN2/CPEB3/SLC38A3/FGGY/COPZ2/NOS1/RYR1/YPEL1/GRID2/NR6A1/SLC25A23/CPB1/TCF7L1/SMPX/SGK1
HALLMARK_PI3K_AKT_MTOR_SIGNALING,HALLMARK_PI3K_AKT_MTOR_SIGNALING,98,0.392529365929022,1.3884949588682207,0.0229809575497879,0.08207484839209965,0.05874831253329238,2091,"tags=28%, list=14%, signal=24%",ACACA/PDK1/MAPK9/EGFR/PLCG1/ITPR2/MAPK1/SLA/UBE2N/PITX2/SMAD2/TIAM1/TSC2/PRKAA2/CAB39/PTEN/PRKAR2A/GSK3B/MKNK1/STAT2/PIKFYVE/ARHGDIA/CAB39L/CLTC/RAC1/ACTR2/MAPK8
HALLMARK_UV_RESPONSE_DN,HALLMARK_UV_RESPONSE_DN,136,0.3590462980988628,1.322340764068326,0.03273953917282886,0.1023110599150902,0.07323317972869615,2605,"tags=27%, list=17%, signal=23%",ATP2B4/KIT/GRK5/MAP1B/BHLHE40/CDC42BPA/ATRN/FYN/APBB2/MTA1/NEK7/SYNJ2/PIK3CD/ICA1/TGFBR2/KCNMA1/PTEN/F3/NOTCH2/AMPH/PDLIM5/PDGFRB/IGF1R/LDLR/SMAD3/TGFBR3/SCN8A/MAGI2/TJP1/PRKCA/DDAH1/ACVR2A/SLC7A1/KALRN/PRKCE/ATP2B1/SDC2
HALLMARK_ADIPOGENESIS,HALLMARK_ADIPOGENESIS,186,-0.3413608163785522,-1.2854571072870087,0.0312745420304851,0.1023110599150902,0.07323317972869615,2998,"tags=36%, list=19%, signal=29%",MDH2/LAMA4/ARAF/RETN/UBC/SDHB/MTCH2/COQ3/COQ5/UQCRC1/PPP1R15B/PHLDB1/HIBCH/MGST3/TOB1/STOM/DRAM2/SLC19A1/GHITM/RMDN3/ECHS1/RAB34/APOE/GADD45A/PEX14/ALDH2/UCK1/ADIPOR2/COX6A1/ECH1/DHRS7/GPX4/SUCLG1/TALDO1/CHCHD10/COX8A/ATL2/MRPL15/PLIN2/IFNGR1/PIM3/DNAJC15/GPHN/ACADS/CD302/SDHC/BCKDHA/JAGN1/NDUFS3/SOD1/CYC1/DNAJB9/NDUFA5/COX7B/CD151/UQCR11/UQCR10/ATP1B3/TST/DHRS7B/DDT/UQCRQ/NDUFB7/QDPR/GRPEL1/AK2/NDUFAB1
HALLMARK_PROTEIN_SECRETION,HALLMARK_PROTEIN_SECRETION,90,0.38135583344358104,1.3265707957704418,0.05001554496960979,0.1471045440282641,0.10529588414654695,2516,"tags=31%, list=16%, signal=26%",OCRL/NAPG/ARFGEF2/EGFR/RAB5A/TOM1L1/GNAS/MAPK1/SEC24D/ICA1/VPS4B/SGMS1/RAB22A/GBF1/SEC31A/YIPF6/GOSR2/DNM1L/ABCA1/USO1/CLTC/PAM/GALC/STX12/CLCN3/KIF1B/ATP7A/IGF2R
HALLMARK_REACTIVE_OXYGEN_SPECIES_PATHWAY,HALLMARK_REACTIVE_OXYGEN_SPECIES_PATHWAY,47,-0.4413752110372472,-1.3535996446155198,0.06776180698151951,0.17832054468820926,0.12763996882945505,1999,"tags=34%, list=13%, signal=30%",SBNO2/TXN/PRDX4/GPX4/NDUFS2/PRDX6/ATOX1/NDUFB4/PRDX1/FTL/PRDX2/MSRA/SOD1/NDUFA6/LAMTOR5/OXSR1
HALLMARK_EPITHELIAL_MESENCHYMAL_TRANSITION,HALLMARK_EPITHELIAL_MESENCHYMAL_TRANSITION,183,0.32260275821700185,1.2388616997159645,0.06666666666666667,0.17832054468820926,0.12763996882945505,3921,"tags=31%, list=25%, signal=24%",CADM1/CDH2/COL4A1/SLIT2/OXTR/MMP14/SLC6A8/LAMA2/MATN2/COL4A2/FERMT2/FBN1/GLIPR1/TIMP3/NOTCH2/LAMA3/PDGFRB/COPA/SFRP1/THY1/FAP/TGFBR3/FZD8/SERPINE2/DPYSL3/EDIL3/LAMC2/LRP1/SLIT3/SPARC/PCOLCE2/ECM2/QSOX1/SNTB1/JUN/SPOCK1/FGF2/ITGB3/ITGAV/GREM1/THBS2/TGFBI/DCN/RHOB/WNT5A/THBS1/APLP1/SFRP4/TGFB1/MYLK/FBLN5/CXCL6/FN1/GPC1/ITGA2/MEST/COL8A2
HALLMARK_CHOLESTEROL_HOMEOSTASIS,HALLMARK_CHOLESTEROL_HOMEOSTASIS,69,0.388158234031313,1.2977667369007753,0.07254901960784314,0.18137254901960786,0.12982456140350881,2136,"tags=26%, list=14%, signal=23%",NSDHL/ACSS2/HSD17B7/PNRC1/PDK3/SQLE/HMGCS1/DHCR7/LSS/SC5D/ACAT2/LDLR/FASN/CBS/SCD/FDPS/ATXN2/FDFT1
HALLMARK_HEDGEHOG_SIGNALING,HALLMARK_HEDGEHOG_SIGNALING,35,0.4570700359174601,1.3290670062100265,0.09551656920077972,0.22742040285899934,0.1627851304674943,3935,"tags=43%, list=25%, signal=32%",UNC5C/NF1/CDK5R1/THY1/NRCAM/PTCH1/AMOT/CRMP1/DPYSL2/OPHN1/SLIT1/NRP1/ACHE/VLDLR/PML
HALLMARK_SPERMATOGENESIS,HALLMARK_SPERMATOGENESIS,111,0.3419997684702098,1.2193283963691073,0.1101871101871102,0.2498750624687656,0.17885793945132697,3287,"tags=30%, list=21%, signal=24%",STAM2/BRAF/CSNK2A2/ZC3H14/DDX25/MTOR/SNAP91/ACE/SLC2A5/PRKAR2A/NPHP1/HTR5A/LPIN1/AGFG1/CLGN/NF2/HSPA2/ADCYAP1/YBX2/MAP7/PGS1/ZC2HC1C/PHF7/NEK2/PIAS2/MAST2/SLC12A2/IFT88/SCG3/SYCP1/NOS1/IP6K1/NEFH
HALLMARK_P53_PATHWAY,HALLMARK_P53_PATHWAY,182,-0.31474758452533286,-1.182291612374169,0.11494252873563218,0.2498750624687656,0.17885793945132697,3028,"tags=29%, list=20%, signal=23%",CASP1/PPP1R15A/SEC61A1/IFI30/RCHY1/SAT1/CD81/SLC3A2/NDRG1/HBEGF/TRIB3/ATF3/HRAS/MDM2/TSC22D1/TOB1/STOM/KLK8/TGFA/UPP1/GADD45A/CTSD/MXD1/RAD9A/WRAP73/EI24/FOS/KIF13B/DNTTIP2/FUCA1/S100A10/VAMP8/TAX1BP3/NINJ1/RAD51C/CEBPA/CDKN2AIP/IER3/POLH/TRAF4/DDIT3/RRP8/MAPKAPK3/SLC35D1/FDXR/SERTAD3/TRIAP1/HINT1/BAX/TM4SF1/CGRRF1/FAM162A
