stratum,compound,lincs_rank,best_z_sum,n_reversing_sigs,moa,clinical_phase,drug_targets,n_targets,signature_gene_overlap,n_gene_overlap,foodb_matched,foodb_name,is_known_nutrient,vegan_food_sources,n_vegan_foods
liver_immune,Imatinib,1,-3.5436151397008966,4,Bcr-Abl kinase inhibitor|KIT inhibitor|PDGFR tyrosine kinase receptor inhibitor,Launched,ABL1; CSF1R; DDR1; KIT; NTRK1; PDGFRA; PDGFRB; RET,8,,0,False,,False,,0
liver_immune,Metformin,2,-3.196221465562408,2,insulin sensitizer,Launched,ACACB; PRKAB1,2,,0,False,,False,,0
liver_immune,Glipizide,3,-2.87364760255411,2,sulfonylurea,Launched,ABCC8; KCNJ10; KCNJ11; PPARG,4,,0,False,,False,,0
liver_immune,Cadmium,4,-2.6910296186060982,5,,,,0,,0,True,Cadmium,False,"Garden onion; Cashew nut; Dill; Wild celery; Peanut; Horseradish; Asparagus; Brazil nut; Broccoli; Pepper; Endive; Mandarin orange (Clementine, Tangerine); Sweet orange; Common hazelnut; Cucumber",59
liver_immune,Quercetin,5,-2.281410665403011,1,polar auxin transport inhibitor,Launched,ATP5A1; ATP5B; ATP5C1; HCK; HIBCH; PIK3CG; PIM1; STK17B; UGT3A1,9,PIK3CG; PIM1,2,True,Quercetin,True,"Rubus (Blackberry, Raspberry); European cranberry; Bilberry; Black raspberry; Common grape; Black elderberry; Lingonberry; Lemon; Red raspberry; Sea-buckthornberry; Apple; Sweet orange; Pomegranate; Grape wine; Berry wine",212
liver_immune,Leptin,6,-1.852306273249476,1,,,,0,,0,True,Leptin,False,,0
liver_immune,Carboplatin,7,-1.7671528167115056,8,DNA alkylating agent|DNA inhibitor,Launched,,0,,0,False,,False,,0
liver_immune,Zinc,8,-1.3465119423447478,2,,,,0,,0,True,Zinc,False,Almond; Apple; Apricot; Globe artichoke; Asparagus; Avocado; Wheat bread; Banana; Barley; Common bean; Mung bean; Adzuki bean; Soy bean; Red beetroot; Bilberry,258
liver_immune,Levofloxacin,9,-1.2844447160647892,1,bacterial DNA gyrase inhibitor,Launched,TOP2A,1,,0,True,Levofloxacin,False,,0
liver_immune,Ciprofloxacin,10,-1.2510736643680402,2,bacterial DNA gyrase inhibitor,Launched,TOP2A,1,,0,False,,False,,0
liver_immune,Phenobarbital,11,-1.2131853908366617,2,,,,0,,0,False,,False,,0
liver_immune,Grepafloxacin,12,-1.1064554619345677,2,,,,0,,0,False,,False,,0
liver_immune,Colchicine,13,-1.001800379913896,2,microtubule inhibitor,Launched,GLRA1; GLRA2; TUBA1A; TUBA1B; TUBA1C; TUBA3C; TUBA3D; TUBA3E; TUBA4A; TUBB; TUBB1; TUBB2A; TUBB2B; TUBB3; TUBB4A; TUBB4B; TUBB6; TUBB8,18,,0,False,,False,,0
liver_immune,Sunitinib,14,-0.9785629465139738,2,FLT3 inhibitor|KIT inhibitor|PDGFR tyrosine kinase receptor inhibitor|RET tyrosine kinase inhibitor|VEGFR inhibitor,Launched,CSF1R; FGFR1; FLT1; FLT3; FLT4; KDR; KIT; PDGFRA; PDGFRB; RET,10,,0,False,,False,,0
liver_immune,Trovafloxacin,15,-0.9165542181169152,2,bacterial DNA gyrase inhibitor,Withdrawn,TOP2A,1,,0,False,,False,,0
liver_immune,Cisplatin,16,-0.9105218958107985,2,DNA alkylating agent|DNA synthesis inhibitor,Launched,XIAP,1,,0,False,,False,,0
liver_immune,Fgfr,17,-0.8930892772853798,2,,,,0,,0,False,,False,,0
liver_immune,Pristane,18,-0.830636085785713,2,,,,0,,0,True,Pristane,False,Anise; Rosemary; Common sage; Black tea; Green tea,5
liver_immune,Antimony,19,-0.8133769640610573,2,,,,0,,0,True,Antimony,False,Cashew nut; Brazil nut; Common hazelnut; Black walnut; Pistachio; Almond; Coconut; Black-eyed pea; Broccoli; Carrot; Dill; Garlic; Italian sweet red pepper; Potato; Spinach,26
liver_immune,Bicalutamide,20,-0.7889536385666859,2,androgen receptor antagonist,Launched,AR,1,,0,False,,False,,0
liver_immune,Methotrexate,21,-0.7235213629980518,1,dihydrofolate reductase inhibitor,Launched,DHFR,1,,0,False,,False,,0
liver_immune,Ubiquinol,22,-0.7133839016825559,2,,,,0,,0,True,Ubiquinol-6,False,Savoy cabbage; Kiwi; Garden onion; Leek; Garlic; Chives; Lemon verbena; Cashew nut; Pineapple; Dill; Custard apple; Wild celery; Peanut; Horseradish; Asparagus,286
liver_immune,Pbde,23,-0.7071115336633341,2,,,,0,,0,False,,False,,0
liver_immune,Phenol,24,-0.682330533744785,2,,Preclinical,CA1; CA12; CA14; CA2; CA4; CA9,6,,0,True,Phenol,False,Coffee; Cocoa powder; Asparagus; Pepper; Ceylon cinnamon; Sesame; Garden tomato (var.); Highbush blueberry; Bilberry; Mulberry; Green bell pepper; Yellow bell pepper; Orange bell pepper; Red bell pepper; Cherry tomato,23
liver_immune,Doxycycline,25,-0.6451467640845182,2,bacterial 30S ribosomal subunit inhibitor|metalloproteinase inhibitor,Launched,MMP8,1,,0,False,,False,,0
liver_immune,Amoxicillin,26,-0.6351063474398982,2,penicillin binding protein inhibitor,Launched,CYP2C19; SLC15A1; SLC15A2; SLC22A6,4,,0,False,,False,,0
liver_immune,Pioglitazone,27,-0.6347076900893638,1,insulin sensitizer|PPAR receptor agonist,Launched,PPARG; TRPM3,2,,0,False,,False,,0
liver_immune,Hodgkin,28,-0.6074795868757531,2,,,,0,,0,False,,False,,0
liver_immune,Sodium,29,-0.6074795868757531,8,,,,0,,0,True,Sodium,False,Almond; Apple; Apricot; Globe artichoke; Asparagus; Avocado; Wheat bread; Banana; Barley; Common bean; Mung bean; Adzuki bean; Soy bean; Red beetroot; Bilberry,264
liver_immune,Clinafloxacin,30,-0.5759951339897655,2,bacterial DNA gyrase inhibitor,Phase 3,,0,,0,False,,False,,0
liver_immune,Nilotinib,31,-0.5536858711112556,2,Abl kinase inhibitor|Bcr-Abl kinase inhibitor,Launched,ABL1; KIT,2,,0,False,,False,,0
liver_immune,Arsenic,32,-0.546391264884021,1,,,,0,,0,True,Arsenic,False,"Garden onion; Cashew nut; Dill; Wild celery; Horseradish; Asparagus; Brazil nut; Broccoli; Pepper; Endive; Mandarin orange (Clementine, Tangerine); Sweet orange; Common hazelnut; Cucumber; Wild carrot",63
liver_immune,Simvastatin,33,-0.5064694931574496,2,HMGCR inhibitor,Launched,HMGCR; ITGB2,2,HMGCR,1,True,Simvastatin,False,,0
liver_immune,Morphine,34,-0.4864164960617613,2,,,,0,,0,True,morphine,False,Savoy cabbage; Kiwi; Garden onion; Leek; Garlic; Chives; Lemon verbena; Cashew nut; Pineapple; Dill; Custard apple; Wild celery; Peanut; Horseradish; Asparagus,286
liver_immune,Gatifloxacin,35,-0.4258775383978411,1,bacterial DNA gyrase inhibitor,Withdrawn,,0,,0,False,,False,,0
liver_immune,Acetaminophen,36,-0.4223513307540039,1,,,,0,,0,True,Acetaminophen,False,,0
liver_immune,Troglitazone,37,-0.4215355439540529,2,insulin sensitizer|PPAR receptor agonist,Withdrawn,CYP2C8; PPARG; TRPM3,3,,0,False,,False,,0
liver_immune,Nsc319726,38,-0.4163404813962292,2,,,,0,,0,False,,False,,0
liver_immune,Menadione,39,-0.4074563391189585,2,mitochondrial DNA polymerase inhibitor|phosphatase inhibitor,Launched,AOX1; BGLAP; F10; F2; F7; F9; GGCX; NQO1; NQO2; PROC; PROS1; PROZ; VKORC1; VKORC1L1,14,,0,True,Menadione,False,Savoy cabbage; Kiwi; Garden onion; Leek; Garlic; Chives; Lemon verbena; Cashew nut; Pineapple; Dill; Custard apple; Wild celery; Peanut; Horseradish; Asparagus,286
liver_immune,Temozolomide,40,-0.3994573862269943,2,DNA alkylating agent,Launched,MGMT,1,,0,False,,False,,0
liver_immune,Bortezomib,41,-0.3960399860685954,2,NFkB pathway inhibitor|proteasome inhibitor,Launched,PSMA1; PSMA2; PSMA3; PSMA4; PSMA5; PSMA6; PSMA7; PSMA8; PSMB1; PSMB10; PSMB11; PSMB2; PSMB3; PSMB4; PSMB5; PSMB6; PSMB7; PSMB8; PSMB9; PSMD1; PSMD2; RELA,22,,0,False,,False,,0
liver_immune,Tretinoin,42,-0.3841695335072188,2,retinoid receptor agonist|retinoid receptor ligand,Launched,ALDH1A1; ALDH1A2; GPRC5A; NR0B1; NR2C2; PPARD; RARA; RARB; RARG; RARRES1; RORB; RORC; RXRB; RXRG,14,,0,False,,False,,0
liver_immune,Ethinyl,43,-0.3608536347782757,2,,,,0,,0,False,,False,,0
liver_immune,Angiotensin,44,-0.3573499086572997,1,,,,0,,0,True,Angiotensin II,False,,0
liver_immune,Oprelvekin,45,-0.3434199095232767,1,,,,0,,0,False,,False,,0
liver_immune,Concanavalin,46,-0.3335623935391802,2,,,,0,,0,False,,False,,0
liver_immune,Rosiglitazone,47,-0.3247807178867396,4,insulin sensitizer|PPAR receptor agonist,Withdrawn,FFAR1; PPARG; TRPC5; TRPM3,4,,0,True,Rosiglitazone,False,,0
liver_immune,Orotic,48,-0.323346554503317,1,,,,0,,0,True,Orotic acid,False,Savoy cabbage; Kiwi; Garden onion; Leek; Garlic; Chives; Lemon verbena; Cashew nut; Pineapple; Dill; Custard apple; Wild celery; Peanut; Horseradish; Asparagus,286
liver_immune,Cobalt,49,-0.318334528403956,2,,,,0,,0,True,Cobalt,False,Garden onion; Cashew nut; Dill; Wild celery; Peanut; Horseradish; Asparagus; Oat; Brazil nut; Broccoli; Chinese cabbage; Pepper; Papaya; Caraway; Endive,87
liver_immune,Arachidonic,50,-0.3104221360690176,2,,,,0,,0,True,Arachidonic acid,False,Almond; Apple; Apricot; Globe artichoke; Asparagus; Avocado; Wheat bread; Banana; Barley; Common bean; Mung bean; Adzuki bean; Soy bean; Red beetroot; Bilberry,133
