osd_id,glds_id,title,organism,tissue,tissue_stratum,project_type,project_id,mission,flight_program,factor_type
OSD-352,GLDS-352,Multi-modal transcriptional and chromatin accessibility analysis of brains from mice flown on the RR-3 mission,Mus musculus,Brain,brain,Spaceflight Study,RR-3,SpaceX-8,International Space Station (ISS),Space Flight
OSD-457,GLDS-457,Expression profiles in multiple tissues of WT and Nrf2-knockout mouse under space flight,Mus musculus,Cerebrum,brain,Spaceflight Study,MHU-3,SpaceX-14,International Space Station (ISS),Space Flight; tissue; Genotype
OSD-525,GLDS-525,Transcriptional profiling of cerebellums from mice flown on the RR-23 mission,Mus musculus,Cerebellum,brain,Spaceflight Study,RR-23,SpaceX-21,International Space Station (ISS),Space Flight
OSD-561,GLDS-556,Bulk RNA sequencing and spatially resolved transcriptional profiling of cerebellums from mice flown on the RRRM-2 mission,Mus musculus,right hemisphere of cerebellum,brain,Spaceflight Study,RR-17,SpaceX-18,International Space Station (ISS),Space Flight; Euthanasia Location; age
OSD-562,GLDS-557,Bulk RNA sequencing and spatially resolved transcriptional profiling of hippocampi from mice flown on the RRRM-2 mission,Mus musculus,Right hippocampus,brain,Spaceflight Study,RR-17,SpaceX-18,International Space Station (ISS),Space Flight; Euthanasia Location; age
OSD-563,GLDS-568,Bulk RNA sequencing and spatially resolved transcriptional profiling of cerebellums from mice flown on the RR-10 mission,Mus musculus,right hemisphere of cerebellum,brain,Spaceflight Study,RR-10,SpaceX-21,International Space Station (ISS),Space Flight
OSD-564,GLDS-569,Bulk RNA sequencing and spatially resolved transcriptional profiling of hippocampi from mice flown on the RR-10 mission,Mus musculus,Right hippocampus,brain,Spaceflight Study,RR-10,SpaceX-21,International Space Station (ISS),Space Flight
OSD-612,GLDS-588,Bulk RNA sequencing and single nuclei transcriptomics and epigenomics of brain tissue from mice flown on the RR-10 mission,Mus musculus,Left cerebral hemisphere,brain,Spaceflight Study,RR-10,SpaceX-21,International Space Station (ISS),Space Flight
OSD-613,GLDS-589,Bulk RNA sequencing and single nuclei transcriptomics and epigenomics of brain tissue from mice flown on the RRRM-2 mission,Mus musculus,Left cerebral hemisphere,brain,Spaceflight Study,RR-17,SpaceX-18,International Space Station (ISS),Space Flight; age
OSD-83,GLDS-83,Comparative Transcriptomic Analysis of Adult Medaka Tissues Sampled after Adaptation to a Space Environment,Oryzias latipes,Brain,brain,Spaceflight Study,,Expedition 33/34,International Space Station,Space Flight; Tissue
OSD-916,GLDS-766,MicroRNAs shape mouse age-independent tissue adaptation to spaceflight via ECM and developmental pathways - Brain data,Mus musculus,brain,brain,Spaceflight Study,RRRM-1 (RR-8),SpaceX-16,Rodent Research (RR),Space Flight; Euthanasia Location; Age; Dissection Condition
OSD-927,GLDS-755,Spaceflight induces systemic effects on extracellular matrix and immune system in different age-stages - Myeloid cerebellum data,Mus musculus,myeloid cerebellum,brain,Spaceflight Study,RRRM-1 (RR-8),SpaceX-16,International Space Station (ISS),Space Flight; age
OSD-928,GLDS-756,Spaceflight induces systemic effects on extracellular matrix and immune system in different age-stages - Myeloid forebrain data,Mus musculus,myeloid forebrain,brain,Spaceflight Study,RRRM-1 (RR-8),SpaceX-16,International Space Station (ISS),Space Flight; age
OSD-929,GLDS-757,Spaceflight induces systemic effects on extracellular matrix and immune system in different age-stages - Myeloid hippocampus data,Mus musculus,myeloid hippocampus,brain,Spaceflight Study,RRRM-1 (RR-8),SpaceX-16,International Space Station (ISS),Space Flight; age
OSD-930,GLDS-758,Spaceflight induces systemic effects on extracellular matrix and immune system in different age-stages - Non-myeloid cerebellum data,Mus musculus,non-myeloid cerebellum,brain,Spaceflight Study,RRRM-1 (RR-8),SpaceX-16,International Space Station (ISS),Space Flight; age
OSD-931,GLDS-759,Spaceflight induces systemic effects on extracellular matrix and immune system in different age-stages - Non-myeloid forebrain data,Mus musculus,non-myeloid forebrain,brain,Spaceflight Study,RRRM-1 (RR-8),SpaceX-16,International Space Station (ISS),Space Flight; age
OSD-932,GLDS-760,Spaceflight induces systemic effects on extracellular matrix and immune system in different age-stages - Non-myeloid hippocampus data,Mus musculus,non-myeloid hippocampus,brain,Spaceflight Study,RRRM-1 (RR-8),SpaceX-16,International Space Station (ISS),Space Flight; age
OSD-137,GLDS-137,"Rodent Research-3-CASIS: Mouse liver transcriptomic, proteomic, epigenomic and histology data",Mus musculus,Liver,liver_immune,Spaceflight Study,RR-3,SpaceX-8,International Space Station (ISS),Space Flight
OSD-164,GLDS-164,Effects of spaceflight on the immunoglobulin repertoire of unimmunized C57BL/6 mice,Mus musculus,Spleen,liver_immune,Spaceflight Study,RR-1,SpaceX-4,International Space Station (ISS),Space Flight; Tissue
OSD-164,GLDS-164,Effects of spaceflight on the immunoglobulin repertoire of unimmunized C57BL/6 mice,Mus musculus,Liver,liver_immune,Spaceflight Study,RR-1,SpaceX-4,International Space Station (ISS),Space Flight; Tissue
OSD-168,GLDS-168,RR-1 and RR-3 mouse liver transcriptomics with and without ERCC control RNA spike-ins,Mus musculus,Liver,liver_immune,Spaceflight Study,"RR-1, RR-3",SpaceX-4,International Space Station (ISS),Space Flight; ERCC RNA spike-in; Space Mission
OSD-168,GLDS-168,RR-1 and RR-3 mouse liver transcriptomics with and without ERCC control RNA spike-ins,Mus musculus,Liver,liver_immune,Spaceflight Study,"RR-1, RR-3",SpaceX-8,International Space Station (ISS),Space Flight; ERCC RNA spike-in; Space Mission
OSD-173,GLDS-173,STS-135: Mouse Liver Transcriptomics using RNA-Seq,Mus musculus,Liver,liver_immune,Spaceflight Study,BSP135,STS-135,Space Transportation System (STS),Space Flight
OSD-242,GLDS-242,Effect of spaceflight on liver from mice flown on the ISS for 33 days: transcriptional analysis,Mus musculus,Liver,liver_immune,Spaceflight Study,RR-9,SpaceX-12,International Space Station (ISS),Space Flight
OSD-244,GLDS-244,Transcriptional analysis of thymus from mice flown on the RR-6 Mission,Mus musculus,Thymus,liver_immune,Spaceflight Study,RR-6,SpaceX-13,International Space Station (ISS),Space Flight; duration; dissection; Euthanasia Location
OSD-245,GLDS-245,Transcriptional analysis of liver from mice flown on the RR-6 mission,Mus musculus,Liver,liver_immune,Spaceflight Study,RR-6,SpaceX-13,International Space Station (ISS),Space Flight; duration; dissection; Euthanasia Location
OSD-246,GLDS-246,Transcriptional analysis of spleen from mice flown on the RR-6 mission,Mus musculus,Spleen,liver_immune,Spaceflight Study,RR-6,SpaceX-13,International Space Station (ISS),Space Flight; duration; dissection; Euthanasia Location
OSD-288,GLDS-288,Transcriptome analysis of murine spleen in space,Mus musculus,Spleen,liver_immune,Spaceflight Study,MHU-1,SpaceX-9,Internation Space Station (ISS),"Space Flight; Gravity, Altered"
OSD-289,GLDS-289,Impact of spaceflight on gene expression in the thymus,Mus musculus,thymus,liver_immune,Spaceflight study,"MHU-1, MHU-2",SpaceX-9,International Space Station (ISS),"Space Flight; Gravity, Altered; Space Mission"
OSD-289,GLDS-289,Impact of spaceflight on gene expression in the thymus,Mus musculus,thymus,liver_immune,Spaceflight study,"MHU-1, MHU-2",SpaceX-12,International Space Station (ISS),"Space Flight; Gravity, Altered; Space Mission"
OSD-379,GLDS-379,Transcriptional profiling of livers from mice flown on Rodent Research Reference Mission-1 (RRRM-1),Mus musculus,Left Lobe of the Liver,liver_immune,Spaceflight Study,RRRM-1 (RR-8),SpaceX-16,Internation Space Station (ISS),Space Flight; duration; Euthanasia Location; Dissection Condition; age
OSD-402,GLDS-402,Single cell transcriptional profiling of femur bone marrow from mice flown on Rodent Research Reference Mission-2 (RRRM-2),Mus musculus,Bone marrow of femur,liver_immune,Spaceflight Study,RR-17,SpaceX-18,International Space Station (ISS),Space Flight; age
OSD-403,GLDS-403,Single cell transcriptional profiling of humerus bone marrow from mice flown on Rodent Research Reference Mission-2 (RRRM-2),Mus musculus,Bone marrow of humerus,liver_immune,Spaceflight Study,RR-17,SpaceX-18,International Space Station (ISS),Space Flight; age
OSD-404,GLDS-404,Single cell transcriptional profiling of peripheral blood mononuclear cells (PBMCs) from mice flown on Rodent Research Reference Mission-2 (RRRM-2),Mus musculus,peripheral blood mononuclear cell,liver_immune,Spaceflight Study,RR-17,SpaceX-18,International Space Station (ISS),Space Flight; age
OSD-405,GLDS-405,Single cell transcriptional profiling of spleens from mice flown on Rodent Research Reference Mission-2 (RRRM-2),Mus musculus,Spleen,liver_immune,Spaceflight Study,RR-17,SpaceX-18,International Space Station (ISS),Space Flight; age
OSD-420,GLDS-420,Transcriptional profiling of spleens from mice flown on the RR-9 mission,Mus musculus,Spleen-distal,liver_immune,Spaceflight Study,RR-9,SpaceX-12,International Space Station (ISS),Space Flight
OSD-421,GLDS-421,Transcriptional profiling of thymus from mice flown on the RR-9 mission,Mus musculus,thymus,liver_immune,Spaceflight Study,RR-9,SpaceX-12,International Space Station (ISS),Space Flight
OSD-423,GLDS-423,Transcriptional profiling of thymus tissue from rats flown on the SLS-2 mission,Rattus norvegicus,thymus,liver_immune,Spaceflight Study,SLS-2,STS-58,Space Transportation System (Shuttle),Space Flight
OSD-457,GLDS-457,Expression profiles in multiple tissues of WT and Nrf2-knockout mouse under space flight,Mus musculus,Spleen,liver_immune,Spaceflight Study,MHU-3,SpaceX-14,International Space Station (ISS),Space Flight; tissue; Genotype
OSD-457,GLDS-457,Expression profiles in multiple tissues of WT and Nrf2-knockout mouse under space flight,Mus musculus,Liver,liver_immune,Spaceflight Study,MHU-3,SpaceX-14,International Space Station (ISS),Space Flight; tissue; Genotype
OSD-457,GLDS-457,Expression profiles in multiple tissues of WT and Nrf2-knockout mouse under space flight,Mus musculus,thymus,liver_immune,Spaceflight Study,MHU-3,SpaceX-14,International Space Station (ISS),Space Flight; tissue; Genotype
OSD-463,GLDS-463,Transcriptional profiling of livers from mice flown on the RR-23 mission,Mus musculus,Left Lobe of the Liver,liver_immune,Spaceflight Study,RR-23,SpaceX-21,International Space Station (ISS),Space Flight
OSD-47,GLDS-47,"Rodent Research-1 (RR1) National Lab Validation Flight: Mouse liver transcriptomic, proteomic, epigenomic and histology data",Mus musculus,Liver,liver_immune,Spaceflight Study,RR-1,SpaceX-4,International Space Station (ISS),Space Flight
OSD-48,GLDS-48,"Rodent Research-1 (RR1) NASA Validation Flight: Mouse liver transcriptomic, proteomic, epigenomic and histology data",Mus musculus,Liver,liver_immune,Spaceflight Study,RR-1,SpaceX-4,,Space Flight; dissection
OSD-506,GLDS-506,Transcriptional profiling of spleens from mice flown on the RR-23 mission,Mus musculus,Spleen,liver_immune,Spaceflight Study,RR-23,SpaceX-21,International Space Station (ISS),Space Flight
OSD-515,GLDS-515,Transcriptional profiling of thymus from mice flown on the RR-23 mission,Mus musculus,thymus,liver_immune,Spaceflight Study,RR-23,SpaceX-21,International Space Station (ISS),Space Flight
OSD-569,GLDS-561,"Whole Blood Measurements from the SpaceX Inspiration4 Mission (RNA-seq, epitranscriptome, WGS, clonal hematopoiesis, CBC)",Homo sapiens,Whole Blood,liver_immune,Spaceflight Study,Inspiration4 Crew,SpaceX Inspiration4,,time; Space Flight
OSD-570,GLDS-562,"SpaceX Inspiration4 PBMC Profiling: snRNA-seq, snATAC-seq, and T-cell and B-cell repertoire profiling",Homo sapiens,Peripheral Blood Mononuclear Cell,liver_immune,Spaceflight Study,Inspiration4 Crew,SpaceX Inspiration4,,time; Space Flight
OSD-686,GLDS-617,Impact of spaceflight and artificial gravity on sulfur metabolism in mouse liver: sulfur metabolomic and transcriptomic analysis,Mus musculus,Liver,liver_immune,Spaceflight Study,MHU-2,SpaceX-12,International Space Station (ISS),"Space Flight; Gravity, Altered"
OSD-690,GLDS-620,Nrf2 alleviates spaceflight-induced immunosuppression and thrombotic microangiopathy in mice,Mus musculus,Bone Marrow,liver_immune,Spaceflight Study,MHU-3,SpaceX-14,International Space Station (ISS),Space Flight; Genotype
OSD-83,GLDS-83,Comparative Transcriptomic Analysis of Adult Medaka Tissues Sampled after Adaptation to a Space Environment,Oryzias latipes,Liver,liver_immune,Spaceflight Study,,Expedition 33/34,International Space Station,Space Flight; Tissue
OSD-905,GLDS-739,MicroRNAs shape mouse age-independent tissue adaptation to spaceflight via ECM and developmental pathways - Liver data,Mus musculus,Liver,liver_immune,Spaceflight Study,RRRM-1 (RR-8),SpaceX-16,International Space Station (ISS),Dissection Condition; Euthanasia Location; Age; Space Flight
OSD-907,GLDS-741,MicroRNAs shape mouse age-independent tissue adaptation to spaceflight via ECM and developmental pathways - Thymus data,Mus musculus,thymus,liver_immune,Spaceflight Study,RRRM-1 (RR-8),SpaceX-16,International Space Station (ISS),Age; Space Flight; Dissection Condition; Euthanasia Location
OSD-910,GLDS-744,MicroRNAs shape mouse age-independent tissue adaptation to spaceflight via ECM and developmental pathways - Spleen data,Mus musculus,Spleen,liver_immune,Spaceflight Study,RRRM-1 (RR-8),SpaceX-16,International Space Station (ISS),Age; Space Flight; Euthanasia Location; Dissection Condition
OSD-918,GLDS-746,Spaceflight induces systemic effects on extracellular matrix and immune system in different age-stages - Blood data,Mus musculus,Blood,liver_immune,Spaceflight Study,RRRM-1 (RR-8),SpaceX-16,International Space Station (ISS),Space Flight; age
OSD-926,GLDS-754,Spaceflight induces systemic effects on extracellular matrix and immune system in different age-stages - Bone marrow data,Mus musculus,Bone Marrow,liver_immune,Spaceflight Study,RRRM-1 (RR-8),SpaceX-16,International Space Station (ISS),Space Flight; age
OSD-100,GLDS-100,Rodent Research-1 (RR1) NASA Validation Flight: Mouse eye transcriptomic and epigenomic data,Mus musculus,left eye,other,Spaceflight Study,,SpaceX-4,International Space Station (ISS),Space Flight
OSD-101,GLDS-101,"Rodent Research-1 (RR1) NASA Validation Flight: Mouse left gastrocnemius muscle transcriptomic, proteomic, and epigenomic data",Mus musculus,Not Applicable,other,Spaceflight Study,RR-1,SpaceX-4,International Space Station (ISS),Space Flight
OSD-101,GLDS-101,"Rodent Research-1 (RR1) NASA Validation Flight: Mouse left gastrocnemius muscle transcriptomic, proteomic, and epigenomic data",Mus musculus,Left gastrocnemius,other,Spaceflight Study,RR-1,SpaceX-4,International Space Station (ISS),Space Flight
OSD-102,GLDS-102,"Rodent Research-1 (RR1) NASA Validation Flight: Mouse kidney transcriptomic, proteomic, and epigenomic data",Not Applicable; Mus musculus,Not Applicable,other,Spaceflight Study,RR-1,SpaceX-4,International Space Station (ISS),Space Flight
OSD-102,GLDS-102,"Rodent Research-1 (RR1) NASA Validation Flight: Mouse kidney transcriptomic, proteomic, and epigenomic data",Not Applicable; Mus musculus,Left kidney,other,Spaceflight Study,RR-1,SpaceX-4,International Space Station (ISS),Space Flight
OSD-103,GLDS-103,"Rodent Research-1 (RR1) NASA Validation Flight: Mouse quadriceps muscle transcriptomic, proteomic, and epigenomic data",Not Applicable; Mus musculus,Not Applicable,other,Spaceflight Study,RR-1,SpaceX-4,International Space Station (ISS),Space Flight
OSD-103,GLDS-103,"Rodent Research-1 (RR1) NASA Validation Flight: Mouse quadriceps muscle transcriptomic, proteomic, and epigenomic data",Not Applicable; Mus musculus,Left quadriceps femoris,other,Spaceflight Study,RR-1,SpaceX-4,International Space Station (ISS),Space Flight
OSD-104,GLDS-104,Rodent Research-1 (RR1) NASA Validation Flight: Mouse soleus muscle transcriptomic and epigenomic data,Mus musculus,Soleus-both sides,other,Spaceflight Study,RR-1,SpaceX-4,International Space Station (ISS),Space Flight
OSD-105,GLDS-105,"Rodent Research-1 (RR1) NASA Validation Flight: Mouse tibialis anterior muscle transcriptomic, proteomic, and epigenomic data",Not Applicable; Mus musculus,Not Applicable,other,Spaceflight Study,RR-1,SpaceX-4,International Space Station,Space Flight
OSD-105,GLDS-105,"Rodent Research-1 (RR1) NASA Validation Flight: Mouse tibialis anterior muscle transcriptomic, proteomic, and epigenomic data",Not Applicable; Mus musculus,Left tibialis anterior,other,Spaceflight Study,RR-1,SpaceX-4,International Space Station,Space Flight
OSD-161,GLDS-161,"Rodent Research-3-CASIS: Mouse adrenal gland transcriptomic, proteomic, and epigenomic data",Mus musculus,Adrenal gland,other,Spaceflight Study,RR-3,SpaceX-8,International Space Station (ISS),Space Flight
OSD-161,GLDS-161,"Rodent Research-3-CASIS: Mouse adrenal gland transcriptomic, proteomic, and epigenomic data",Mus musculus,Not applicable,other,Spaceflight Study,RR-3,SpaceX-8,International Space Station (ISS),Space Flight
OSD-162,GLDS-162,Rodent Research-3-CASIS: Mouse eye transcriptomic and proteomic data,Mus musculus,eye,other,Spaceflight Study,RR-3,SpaceX-8,International Space Station (ISS),Space Flight
OSD-163,GLDS-163,"Rodent Research-3-CASIS: Mouse kidney transcriptomic, proteomic, and epigenomic data",Mus musculus,Left kidney,other,Spaceflight Study,RR-3,SpaceX-8,International Space Station (ISS),Space Flight
OSD-194,GLDS-194,Rodent Research-3-CASIS: Mouse retina transcriptomic data,Mus musculus,Right retina,other,Spaceflight Study,RR-3,SpaceX-8,International Space Station (ISS),Space Flight
OSD-194,GLDS-194,Rodent Research-3-CASIS: Mouse retina transcriptomic data,Mus musculus,Left retina,other,Spaceflight Study,RR-3,SpaceX-8,International Space Station (ISS),Space Flight
OSD-217,GLDS-217,Characterization of Epigenetic Regulation in an Extraterrestrial Environment: The Arabidopsis Spaceflight Methylome,Arabidopsis thaliana,leaf,other,Spaceflight Study,,SpaceX-5,International Space Station (ISS),Space Flight; organism part
OSD-217,GLDS-217,Characterization of Epigenetic Regulation in an Extraterrestrial Environment: The Arabidopsis Spaceflight Methylome,Arabidopsis thaliana,root,other,Spaceflight Study,,SpaceX-5,International Space Station (ISS),Space Flight; organism part
OSD-238,GLDS-238,Transcriptomic analysis of dorsal skin from mice flown on the MHU-2 mission,Mus musculus,dorsal skin,other,Spaceflight Study,MHU-2,SpaceX-12,ISS,"Space Flight; Diet; Gravity, Altered"
OSD-239,GLDS-239,Transcriptomic analysis of femoral skin from mice flown on the MHU-2 mission,Mus musculus,femoral skin,other,Spaceflight Study,MHU-2,SpaceX-12,ISS,"Space Flight; Diet; Gravity, Altered"
OSD-240,GLDS-240,Transcriptional analysis of dorsal skin from mice flown on the RR-5 mission,Mus musculus,dorsal skin,other,Spaceflight Study,RR-5,SpaceX-11,International Space Station (ISS),Space Flight
OSD-241,GLDS-241,Transcriptional analysis of femoral skin from mice flown on the RR-5 mission,Mus musculus,femoral lateral skin,other,Spaceflight Study,RR-5,SpaceX-11,International Space Station (ISS),Space Flight
OSD-243,GLDS-243,Transcriptional analysis of dorsal skin from mice flown on the RR-6 mission,Mus musculus,dorsal skin,other,Spaceflight Study,RR-6,SpaceX-13,International Space Station (ISS),Space Flight; duration; dissection; Euthanasia Location
OSD-247,GLDS-247,Transcriptional analysis of colon from mice flown on the RR-6 mission,Mus musculus,descending colon,other,Spaceflight Study,RR-6,SpaceX-13,International Space Station (ISS),Space Flight; duration; dissection; Euthanasia Location
OSD-248,GLDS-248,Transcriptional analysis of lung from mice flown on the RR-6 mission,Mus musculus,Left Lung,other,Spaceflight Study,RR-6,SpaceX-13,International Space Station (ISS),Space Flight; duration; Dissection Condition; Euthanasia Location
OSD-253,GLDS-253,Transcriptional analysis of kidneys from mice flown on the RR-7 mission,Mus musculus,Left kidney,other,Spaceflight Study,RR-7,SpaceX-15,International Space Station (ISS),Space Flight; strain; duration; treatment
OSD-254,GLDS-254,Transcriptional analysis of dorsal skin from mice flown on the RR-7 mission,Mus musculus,dorsal skin,other,Spaceflight Study,RR-7,SpaceX-15,International Space Station (ISS),Space Flight; strain; duration
OSD-255,GLDS-255,"Spaceflight influences gene expression, photoreceptor integrity, and oxidative stress-related damage in the murine retina",Mus musculus,Right retina,other,Spaceflight Study,RR-9,SpaceX-12,International Space Station (ISS),Space Flight
OSD-270,GLDS-270,Bulk and spatially resolved transcriptional analysis of hearts from mice flown on the RR-3,Mus musculus,Heart,other,Spaceflight Study,RR-3,SpaceX-8,International Space Station (ISS),Space Flight
OSD-278,GLDS-278,Spaceflight and simulated microgravity conditions increase virulence of Serratia marcescens in the Drosophila melanogaster infection model,Drosophila melanogaster,Whole Organism,other,Spaceflight Study,FFL01,SpaceX-5,International Space Station (ISS),Space Flight; infection
OSD-326,GLDS-326,Gene-metabolite network linked to inhibited bioenergetics in association with spaceflight induced loss of quadriceps muscle,Mus musculus,Quadriceps femoris,other,Spaceflight Study,RR-4,SpaceX-10,International Space Station (ISS),Space Flight
OSD-397,GLDS-397,Illumina NGS RNA-seq and RRBS Sequencing on Spaceflight Mouse Retina,Mus musculus,Right retina,other,Spaceflight Study,RR-1,SpaceX-4,International Space Station (ISS),Space Flight
OSD-397,GLDS-397,Illumina NGS RNA-seq and RRBS Sequencing on Spaceflight Mouse Retina,Mus musculus,Left retina,other,Spaceflight Study,RR-1,SpaceX-4,International Space Station (ISS),Space Flight
OSD-401,GLDS-401,Alternative splicing regulates the physiological adaptation of the mouse hind limb postural and phasic muscles to microgravity,Mus musculus,Quadriceps femoris,other,Spaceflight Study,RR-5,SpaceX-11,International Space Station (ISS),Space Flight; tissue
OSD-401,GLDS-401,Alternative splicing regulates the physiological adaptation of the mouse hind limb postural and phasic muscles to microgravity,Mus musculus,Gastrocnemius,other,Spaceflight Study,RR-5,SpaceX-11,International Space Station (ISS),Space Flight; tissue
OSD-419,GLDS-419,Transcriptional profiling of the right gastrocnemius muscle from mice flown on the RR-1 mission,Mus musculus,Right gastrocnemius,other,Spaceflight Study,RR-1,SpaceX-4,International Space Station (ISS),Space Flight
OSD-422,GLDS-422,Transcriptional profiling of gastrocnemius muscle from rats flown on the SLS-1 mission,Rattus norvegicus,right lateral gastrocnemius,other,Spaceflight Study,"SLS-1, SLS-1",STS-40,Space Transportation System (Shuttle),Space Flight
OSD-426,GLDS-426,Cerium oxide nanoparticle administration to skeletal muscle cells under different gravity and radiation conditions,Mus musculus,Cells,other,Spaceflight Study,Nano Antioxidants,SpaceX-17,International Space Station (ISS),"Space Flight; Gravity, Altered; treatment"
OSD-457,GLDS-457,Expression profiles in multiple tissues of WT and Nrf2-knockout mouse under space flight,Mus musculus,Mandible,other,Spaceflight Study,MHU-3,SpaceX-14,International Space Station (ISS),Space Flight; tissue; Genotype
OSD-457,GLDS-457,Expression profiles in multiple tissues of WT and Nrf2-knockout mouse under space flight,Mus musculus,Temporal Bone,other,Spaceflight Study,MHU-3,SpaceX-14,International Space Station (ISS),Space Flight; tissue; Genotype
OSD-457,GLDS-457,Expression profiles in multiple tissues of WT and Nrf2-knockout mouse under space flight,Mus musculus,white adipose tissue,other,Spaceflight Study,MHU-3,SpaceX-14,International Space Station (ISS),Space Flight; tissue; Genotype
OSD-457,GLDS-457,Expression profiles in multiple tissues of WT and Nrf2-knockout mouse under space flight,Mus musculus,brown adipose tissue,other,Spaceflight Study,MHU-3,SpaceX-14,International Space Station (ISS),Space Flight; tissue; Genotype
OSD-457,GLDS-457,Expression profiles in multiple tissues of WT and Nrf2-knockout mouse under space flight,Mus musculus,Kidney,other,Spaceflight Study,MHU-3,SpaceX-14,International Space Station (ISS),Space Flight; tissue; Genotype
OSD-462,GLDS-462,"Transcriptional profiling, protein expression profiling, and phosphoprotein profiling of kidneys from mice flown on the RR-10 mission",Mus musculus,Left kidney,other,Spaceflight Study,RR-10,SpaceX-21,International Space Station (ISS),Space Flight
OSD-464,GLDS-464,Transcriptional profiling of lungs from mice flown on the RR-23 mission,Mus musculus,Left Lung,other,Spaceflight Study,RR-23,SpaceX-21,International Space Station (ISS),Space Flight
OSD-511,GLDS-511,Transcriptional profiling of mammary glands from mice flown on the RRRM-1 mission,Mus musculus,mammary gland,other,Spaceflight Study,RR-8,SpaceX-16,International Space Station (ISS),Space Flight; age
OSD-512,GLDS-512,Transcriptional profiling of adrenal glands from mice flown on the RR-23 mission,Mus musculus,adrenal gland,other,Spaceflight Study,RR-23,SpaceX-21,International Space Station (ISS),Space Flight
OSD-513,GLDS-513,Transcriptional profiling of kidneys from mice flown on the RR-23 mission,Mus musculus,Left kidney,other,Spaceflight Study,RR-23,SpaceX-21,International Space Station (ISS),Space Flight
OSD-522,GLDS-522,Integrative Transcriptomics and Proteomics Profiling of Arabidopsis thaliana Elucidates Novel Mechanisms Underlying Spaceflight Adaptation,Arabidopsis thaliana,,other,Spaceflight Study,BRIC-LED-001,SpaceX-13,International Space Station (ISS),Organism Part; Space Flight
OSD-522,GLDS-522,Integrative Transcriptomics and Proteomics Profiling of Arabidopsis thaliana Elucidates Novel Mechanisms Underlying Spaceflight Adaptation,Arabidopsis thaliana,,other,Spaceflight Study,BRIC-LED-001,SpaceX-14,International Space Station (ISS),Organism Part; Space Flight
OSD-532,GLDS-532,Space flight mouse plasma cell-free RNA sequencing in Mouse Habitat Unit-1 (MHU-1),Mus musculus,Plasma,other,Spaceflight Study,MHU-1,SpaceX-9,International Space Station (ISS),"Space Flight; Gravity, Altered"
OSD-569,GLDS-561,"Whole Blood Measurements from the SpaceX Inspiration4 Mission (RNA-seq, epitranscriptome, WGS, clonal hematopoiesis, CBC)",Homo sapiens,RBC pellet,other,Spaceflight Study,Inspiration4 Crew,SpaceX Inspiration4,,time; Space Flight
OSD-571,GLDS-563,"SpaceX Inspiration4 Plasma Profiling: Proteomics, EVPs, Metabolomics, cfDNA Sequencing and cfRNA Sequencing",Homo sapiens,Plasma,other,Spaceflight Study,Inspiration4 Crew,SpaceX Inspiration4,,Space Flight; time
OSD-572,GLDS-564,"SpaceX Inspiration4 Oral, Nasal, and Skin Metagenomic and Metatranscriptomic Microbial Swabs",Microbiota,Swab,other,Spaceflight Study,Inspiration4 Crew,SpaceX Inspiration4,,Space Flight; time; Sample Location
OSD-573,GLDS-565,SpaceX Inspiration4 Dragon Capsule Metagenomic and Metatranscriptomic Microbial Swabs,Microbiota,Swab,other,Spaceflight Study,Inspiration4 Crew,SpaceX Inspiration4,,time; Sample Location; Space Flight
OSD-574,GLDS-566,"SpaceX Inspiration4 Deltoid Skin and Microbiome Data: Spatial Transcriptomics (NanoString GeoMx), Metageomics, and Metatranscriptomics",Homo sapiens; Microbiota; Not Applicable,Swab,other,Spaceflight Study,Inspiration4 Crew,SpaceX Inspiration4,,Space Flight; time
OSD-574,GLDS-566,"SpaceX Inspiration4 Deltoid Skin and Microbiome Data: Spatial Transcriptomics (NanoString GeoMx), Metageomics, and Metatranscriptomics",Homo sapiens; Microbiota; Not Applicable,Skin Biopsy,other,Spaceflight Study,Inspiration4 Crew,SpaceX Inspiration4,,Space Flight; time
OSD-574,GLDS-566,"SpaceX Inspiration4 Deltoid Skin and Microbiome Data: Spatial Transcriptomics (NanoString GeoMx), Metageomics, and Metatranscriptomics",Homo sapiens; Microbiota; Not Applicable,Not Applicable,other,Spaceflight Study,Inspiration4 Crew,SpaceX Inspiration4,,Space Flight; time
OSD-576,GLDS-570,Transcriptional profiling of tibialis anterior muscle from mice flown on the RR-23 mission,Mus musculus,Right tibialis anterior,other,Spaceflight Study,RR-23,SpaceX-21,International Space Station (ISS),Space Flight
OSD-580,GLDS-573,Transcriptional profiling of heart tissue from mice flown on the RRRM-2 mission,Mus musculus,Heart,other,Spaceflight Study,RR-17,SpaceX-18,International Space Station (ISS),Space Flight; age; Euthanasia Location
OSD-580,GLDS-573,Transcriptional profiling of heart tissue from mice flown on the RRRM-2 mission,Mus musculus,heart right ventricle,other,Spaceflight Study,RR-17,SpaceX-18,International Space Station (ISS),Space Flight; age; Euthanasia Location
OSD-599,GLDS-596,Transcriptomic Effects on the Mouse Heart Following 30 Days on the International Space Station,Mus musculus,Heart,other,Spaceflight Study,RR-12,NG-11,International Space Station (ISS),Space Flight
OSD-665,GLDS-604,Transcriptional profiling of right extensor digitorum longus muscle from mice flown on the RR-23 mission,Mus musculus,Right extensor digitorum longus,other,Spaceflight Study,RR-23,SpaceX-21,International Space Station (ISS),Space Flight
OSD-666,GLDS-605,Transcriptional profiling of right quadriceps femoris muscle from mice flown on the RR-23 mission,Mus musculus,Right quadriceps femoris,other,Spaceflight Study,RR-23,SpaceX-21,International Space Station (ISS),Space Flight
OSD-667,GLDS-606,Transcriptional profiling of colon from mice flown on the RR-10 mission,Mus musculus,Colon,other,Spaceflight Study,RR-10,SpaceX-21,International Space Station (ISS),Space Flight; Genotype
OSD-714,GLDS-638,Lunar gravity prevents skeletal muscle atrophy but not myofiber type shift in mice,Mus musculus,Soleus,other,Spaceflight Study,"MHU-1, MHU-4, MHU-5",SpaceX-9,International Space Station (ISS),"Space Flight; Gravity, Altered; Space Mission"
OSD-714,GLDS-638,Lunar gravity prevents skeletal muscle atrophy but not myofiber type shift in mice,Mus musculus,Soleus,other,Spaceflight Study,"MHU-1, MHU-4, MHU-5",SpaceX-17,International Space Station (ISS),"Space Flight; Gravity, Altered; Space Mission"
OSD-714,GLDS-638,Lunar gravity prevents skeletal muscle atrophy but not myofiber type shift in mice,Mus musculus,Soleus,other,Spaceflight Study,"MHU-1, MHU-4, MHU-5",SpaceX-20,International Space Station (ISS),"Space Flight; Gravity, Altered; Space Mission"
OSD-758,GLDS-664,Artificial Gravity Attenuates the Transcriptomic Response to Spaceflight in the Optic Nerve and Retina -- Retina data,Mus musculus,Right retina,other,Spaceflight Study,MHU-8,SpaceX-27,International Space Station (ISS),"Space Flight; Gravity, Altered"
OSD-759,GLDS-665,Artificial Gravity Attenuates the Transcriptomic Response to Spaceflight in the Optic Nerve and Retina -- Optic nerve data,Mus musculus,Right optic nerve,other,Spaceflight Study,MHU-8,SpaceX-27,International Space Station (ISS),"Space Flight; Gravity, Altered"
OSD-770,GLDS-673,Transcriptional profiling of soleus muscle from mice flown on the RR-23 mission,Mus musculus,Right soleus,other,Spaceflight Study,RR-23,SpaceX-21,Rodent Research (RR),Space Flight
OSD-771,GLDS-674,Transcriptional profiling of kidney tissue from mice flown on the Rodent Research Reference Mission-2 (RRRM-2),Mus musculus,Right kidney,other,Spaceflight Study,RR-17,SpaceX-18,Rodent Research (RR),Space Flight; age; Euthanasia Location
OSD-781,GLDS-678,Skeletal muscle-on-a-chip in microgravity as a platform for regeneration modeling and drug screening - myoblast data,Homo sapiens,primary cell,other,Spaceflight Study,CM,NG-16,International Space Station (ISS),Space Flight; treatment
OSD-793,GLDS-689,Mission SpaceX CRS-16 RRRM-1 space flight induced skin genomic plasticity via an epigenetic trigger,Mus musculus,femoral skin,other,Spaceflight Study,RRRM-1 (RR-8),SpaceX-16,,Space Flight; Euthanasia Location; Dissection Condition; duration
OSD-811,GLDS-693,Space microgravity increases expression of genes associated with proliferation and differentiation in human cardiac spheres,Homo sapiens,"Cells, Cultured",other,Spaceflight Study,MVP2-Cell-03,SpaceX-20,International Space Station (ISS),"Space Flight; Gravity, Altered"
OSD-83,GLDS-83,Comparative Transcriptomic Analysis of Adult Medaka Tissues Sampled after Adaptation to a Space Environment,Oryzias latipes,Eye,other,Spaceflight Study,,Expedition 33/34,International Space Station,Space Flight; Tissue
OSD-83,GLDS-83,Comparative Transcriptomic Analysis of Adult Medaka Tissues Sampled after Adaptation to a Space Environment,Oryzias latipes,Testis,other,Spaceflight Study,,Expedition 33/34,International Space Station,Space Flight; Tissue
OSD-83,GLDS-83,Comparative Transcriptomic Analysis of Adult Medaka Tissues Sampled after Adaptation to a Space Environment,Oryzias latipes,Intestines,other,Spaceflight Study,,Expedition 33/34,International Space Station,Space Flight; Tissue
OSD-83,GLDS-83,Comparative Transcriptomic Analysis of Adult Medaka Tissues Sampled after Adaptation to a Space Environment,Oryzias latipes,Ovary,other,Spaceflight Study,,Expedition 33/34,International Space Station,Space Flight; Tissue
OSD-899,GLDS-728,Transcriptional profiling of cecum from mice flown on the RR-10 mission,Mus musculus,Cecum,other,Spaceflight Study,RR-10,SpaceX-21,International Space Station (ISS),Space Flight; Genotype
OSD-900,GLDS-729,Transcriptional profiling of lungs from mice flown on the RR-10 mission,Mus musculus,Right Lung,other,Spaceflight Study,RR-10,SpaceX-21,International Space Station (ISS),Space Flight; Genotype
OSD-901,GLDS-730,Expression data from cultured mouse spermatogonia cryopreserved on the International Space Station (ISS) or on Earth,Mus musculus,"Cells, Cultured",other,Spaceflight Study,MELFI_MMUSCULUS_SPACEX-25,SpaceX-25,,Space Flight
OSD-901,GLDS-730,Expression data from cultured mouse spermatogonia cryopreserved on the International Space Station (ISS) or on Earth,Mus musculus,"Cells, Cultured",other,Spaceflight Study,MELFI_MMUSCULUS_SPACEX-25,SpaceX-26,,Space Flight
OSD-904,GLDS-738,MicroRNAs shape mouse age-independent tissue adaptation to spaceflight via ECM and developmental pathways - Subcutaneous Adipose Tissue (SCAT) data,Mus musculus,subcutaneous adipose tissue,other,Spaceflight Study,RRRM-1 (RR-8),SpaceX-16,International Space Station (ISS),Space Flight; Euthanasia Location; Dissection Condition; Age
OSD-906,GLDS-740,MicroRNAs shape mouse age-independent tissue adaptation to spaceflight via ECM and developmental pathways - brown adipose tissue (BAT) data,Mus musculus,Brown Adipose Tissue,other,Spaceflight Study,RRRM-1 (RR-8),SpaceX-16,International Space Station (ISS),Age; Dissection Condition; Space Flight; Euthanasia Location
OSD-908,GLDS-742,MicroRNAs shape mouse age-independent tissue adaptation to spaceflight via ECM and developmental pathways - Heart data,Mus musculus,Heart,other,Spaceflight Study,RRRM-1 (RR-8),SpaceX-16,International Space Station (ISS),Age; Dissection Condition; Euthanasia Location; Space Flight
OSD-909,GLDS-743,MicroRNAs shape mouse age-independent tissue adaptation to spaceflight via ECM and developmental pathways - Pancreas data,Mus musculus,Pancreas,other,Spaceflight Study,RRRM-1 (RR-8),SpaceX-16,International Space Station (ISS),Age; Dissection Condition; Euthanasia Location; Space Flight
OSD-911,GLDS-745,MicroRNAs shape mouse age-independent tissue adaptation to spaceflight via ECM and developmental pathways - Gonadal Adipose Tissue (GAT) data,Mus musculus,gonadal adipose tissue,other,Spaceflight Study,RRRM-1 (RR-8),SpaceX-16,International Space Station (ISS),Age; Space Flight; Euthanasia Location; Dissection Condition
OSD-912,GLDS-733,MicroRNAs shape mouse age-independent tissue adaptation to spaceflight via ECM and developmental pathways - Mesenteric Adipose Tissue (MAT) data,Mus musculus,mesenteric adipose tissue,other,Spaceflight Study,RRRM-1 (RR-8),SpaceX-16,International Space Station (ISS),Space Flight; Euthanasia Location; Age; Dissection Condition
OSD-913,GLDS-735,MicroRNAs shape mouse age-independent tissue adaptation to spaceflight via ECM and developmental pathways - Kidney data,Mus musculus,Kidney,other,Spaceflight Study,RRRM-1 (RR-8),SpaceX-16,International Space Station (ISS),Space Flight; Age; Euthanasia Location; Dissection Condition
OSD-914,GLDS-736,MicroRNAs shape mouse age-independent tissue adaptation to spaceflight via ECM and developmental pathways - Diaphragm data,Mus musculus,Diaphragm,other,Spaceflight Study,RRRM-1 (RR-8),SpaceX-16,International Space Station (ISS),Space Flight; Age; Euthanasia Location; Dissection Condition
OSD-915,GLDS-737,MicroRNAs shape mouse age-independent tissue adaptation to spaceflight via ECM and developmental pathways - Lung data,Mus musculus,Lung,other,Spaceflight Study,RRRM-1 (RR-8),SpaceX-16,International Space Station (ISS),Space Flight; Euthanasia Location; Age; Dissection Condition
OSD-919,GLDS-747,Spaceflight induces systemic effects on extracellular matrix and immune system in different age-stages - Bone data,Mus musculus,"femurs, hip bones and vertebral columns",other,Spaceflight Study,RRRM-1 (RR-8),SpaceX-16,International Space Station (ISS),Space Flight; age
OSD-920,GLDS-748,Spaceflight induces systemic effects on extracellular matrix and immune system in different age-stages - Eye data,Mus musculus,eye,other,Spaceflight Study,RRRM-1 (RR-8),SpaceX-16,International Space Station (ISS),Space Flight; age
OSD-921,GLDS-749,Spaceflight induces systemic effects on extracellular matrix and immune system in different age-stages - Heart atria data,Mus musculus,Heart Atria,other,Spaceflight Study,RRRM-1 (RR-8),SpaceX-16,International Space Station (ISS),Space Flight; age
OSD-922,GLDS-750,Spaceflight induces systemic effects on extracellular matrix and immune system in different age-stages - Heart ventricles data,Mus musculus,Heart Ventricles,other,Spaceflight Study,RRRM-1 (RR-8),SpaceX-16,International Space Station (ISS),Space Flight; age
OSD-923,GLDS-751,Spaceflight induces systemic effects on extracellular matrix and immune system in different age-stages - Large intestine data,Mus musculus,"Intestine, Large",other,Spaceflight Study,RRRM-1 (RR-8),SpaceX-16,International Space Station (ISS),Space Flight; age
OSD-924,GLDS-752,Spaceflight induces systemic effects on extracellular matrix and immune system in different age-stages - limb muscle data,Mus musculus,limb muscle,other,Spaceflight Study,RRRM-1 (RR-8),SpaceX-16,International Space Station (ISS),Space Flight; age
OSD-933,GLDS-761,Spaceflight induces systemic effects on extracellular matrix and immune system in different age-stages - Skeletal stem cells data,Mus musculus,skeletal stem cells,other,Spaceflight Study,RRRM-1 (RR-8),SpaceX-16,International Space Station (ISS),Space Flight; age
OSD-937,GLDS-765,Microgravity accelerates skeletal muscle degeneration: Functional and transcriptomic insights from an ISS muscle lab-on-chip model,Homo sapiens,"Cells, Cultured",other,Spaceflight Study,Human Muscle-on-Chip,SpaceX-25,International Space Station (ISS),Space Flight; age; treatment; time
OSD-961,GLDS-787,Beneficial microbes mitigate molecular stress responses and accelerate developmental pathways in host animals during spaceflight,Euprymna scolopes,Light Organ,other,Spaceflight Study,ADSEP-UMAMI,SpaceX-22,International Space Station (ISS),Space Flight; treatment; time
OSD-98,GLDS-98,"Rodent Research-1 (RR1) NASA Validation Flight: Mouse adrenal gland transcriptomic, proteomic, and epigenomic data",Not Applicable; Mus musculus,Adrenal glands- both sides,other,Spaceflight Study,RR-1,SpaceX-4,International Space Station (ISS),Space Flight
OSD-98,GLDS-98,"Rodent Research-1 (RR1) NASA Validation Flight: Mouse adrenal gland transcriptomic, proteomic, and epigenomic data",Not Applicable; Mus musculus,Not Applicable,other,Spaceflight Study,RR-1,SpaceX-4,International Space Station (ISS),Space Flight
OSD-99,GLDS-99,Rodent Research-1 (RR1) NASA Validation Flight: Mouse extensor digitorum longus muscle transcriptomic and epigenomic data,Mus musculus,Extensor digitorum longus- both sides,other,Spaceflight Study,RR-1,SpaceX-4,International Space Station (ISS),Space Flight
